ligand_file_name,protein_file_name,Year,Log Binding Affinity,Binding Affinity Measurement,PDBID
10gs_VWW_A_210_ligand_refined.sdf,10gs_VWW_A_210_protein_refined.pdb,1998,-6.3979400086720375,ki,10gs
10gs_VWW_B_210_ligand_refined.sdf,10gs_VWW_B_210_protein_refined.pdb,1998,-6.3979400086720375,ki,10gs
13gs_SAS_A_211_ligand_refined.sdf,13gs_SAS_A_211_protein_refined.pdb,1999,-4.619788758288394,ki,13gs
13gs_SAS_B_211_ligand_refined.sdf,13gs_SAS_B_211_protein_refined.pdb,1999,-4.619788758288394,ki,13gs
181l_BNZ_A_400_ligand_refined.sdf,181l_BNZ_A_400_protein_refined.pdb,1995,-3.755874855672492,kd,181l
182l_BZF_A_401_ligand_refined.sdf,182l_BZF_A_401_protein_refined.pdb,1995,-3.949390006644913,kd,182l
183l_DEN_A_400_ligand_refined.sdf,183l_DEN_A_400_protein_refined.pdb,1995,-3.7134905430939424,kd,183l
184l_I4B_A_401_ligand_refined.sdf,184l_I4B_A_401_protein_refined.pdb,1995,-4.707570176097937,kd,184l
185l_IND_A_400_ligand_refined.sdf,185l_IND_A_400_protein_refined.pdb,1995,-3.539102157243452,kd,185l
186l_N4B_A_400_ligand_refined.sdf,186l_N4B_A_400_protein_refined.pdb,1995,-4.853871964321762,kd,186l
187l_PXY_A_400_ligand_refined.sdf,187l_PXY_A_400_protein_refined.pdb,1995,-3.374687549038326,kd,187l
188l_OXE_A_400_ligand_refined.sdf,188l_OXE_A_400_protein_refined.pdb,1995,-3.3288271572849166,kd,188l
1a08_ACE-DIP_D_100-103_ligand_refined.sdf,1a08_ACE-DIP_D_100-103_protein_refined.pdb,1998,-5.619788758288394,kd,1a08
1a08_ACE-DIP_C_100-103_ligand_refined.sdf,1a08_ACE-DIP_C_100-103_protein_refined.pdb,1998,-5.619788758288394,kd,1a08
1a0q_HEP_H_214_ligand_refined.sdf,1a0q_HEP_H_214_protein_refined.pdb,1999,-7.568636235841012,ki,1a0q
1a0t_GLC-FRU_A_1-2_ligand_refined.sdf,1a0t_GLC-FRU_A_1-2_protein_refined.pdb,1998,-1.3010299956639813,kd,1a0t
1a0t_GLC-FRU_B_1-2_ligand_refined.sdf,1a0t_GLC-FRU_B_1-2_protein_refined.pdb,1998,-1.3010299956639813,kd,1a0t
1a0t_GLC-FRU_C_1-2_ligand_refined.sdf,1a0t_GLC-FRU_C_1-2_protein_refined.pdb,1998,-1.3010299956639813,kd,1a0t
1a0t_GLC-FRU_D_1-2_ligand_refined.sdf,1a0t_GLC-FRU_D_1-2_protein_refined.pdb,1998,-1.3010299956639813,kd,1a0t
1a0t_GLC-FRU_E_1-2_ligand_refined.sdf,1a0t_GLC-FRU_E_1-2_protein_refined.pdb,1998,-1.3010299956639813,kd,1a0t
1a0t_GLC-FRU_F_1-2_ligand_refined.sdf,1a0t_GLC-FRU_F_1-2_protein_refined.pdb,1998,-1.3010299956639813,kd,1a0t
1a1b_ACE-DIP_C_100-103_ligand_refined.sdf,1a1b_ACE-DIP_C_100-103_protein_refined.pdb,1998,-6.3979400086720375,kd,1a1b
1a1b_ACE-DIP_D_100-103_ligand_refined.sdf,1a1b_ACE-DIP_D_100-103_protein_refined.pdb,1998,-6.3979400086720375,kd,1a1b
1a1c_ACE-DIX_C_100-103_ligand_refined.sdf,1a1c_ACE-DIX_C_100-103_protein_refined.pdb,1998,-6.3979400086720375,kd,1a1c
1a1c_ACE-DIX_D_100-103_ligand_refined.sdf,1a1c_ACE-DIX_D_100-103_protein_refined.pdb,1998,-6.3979400086720375,kd,1a1c
1a1e_ACE-DIY_C_100-103_ligand_refined.sdf,1a1e_ACE-DIY_C_100-103_protein_refined.pdb,1998,-6.0,kd,1a1e
1a1e_ACE-DIY_D_100-103_ligand_refined.sdf,1a1e_ACE-DIY_D_100-103_protein_refined.pdb,1998,-6.0,kd,1a1e
1a28_STR_A_1_ligand_refined.sdf,1a28_STR_A_1_protein_refined.pdb,1998,-8.292429823902063,ki,1a28
1a28_STR_B_2_ligand_refined.sdf,1a28_STR_B_2_protein_refined.pdb,1998,-8.292429823902063,ki,1a28
1a29_TFP_A_153_ligand_refined.sdf,1a29_TFP_A_153_protein_refined.pdb,1998,-5.301029995663981,kd,1a29
1a30_GLU-LEU_C_506-508_ligand_refined.sdf,1a30_GLU-LEU_C_506-508_protein_refined.pdb,1998,-4.301029995663981,ki,1a30
1a4g_ZMR_A_466_ligand_refined.sdf,1a4g_ZMR_A_466_protein_refined.pdb,1999,-8.397940008672037,ic50,1a4g
1a4g_ZMR_B_466_ligand_refined.sdf,1a4g_ZMR_B_466_protein_refined.pdb,1999,-8.397940008672037,ic50,1a4g
1a4k_FRA_B_3083_ligand_refined.sdf,1a4k_FRA_B_3083_protein_refined.pdb,1998,-8.0,kd,1a4k
1a4k_FRA_H_3083_ligand_refined.sdf,1a4k_FRA_H_3083_protein_refined.pdb,1998,-8.0,kd,1a4k
1a4m_PRH_A_354_ligand_refined.sdf,1a4m_PRH_A_354_protein_refined.pdb,1998,-13.0,ki,1a4m
1a4m_PRH_B_854_ligand_refined.sdf,1a4m_PRH_B_854_protein_refined.pdb,1998,-13.0,ki,1a4m
1a4m_PRH_C_1354_ligand_refined.sdf,1a4m_PRH_C_1354_protein_refined.pdb,1998,-13.0,ki,1a4m
1a4m_PRH_D_1854_ligand_refined.sdf,1a4m_PRH_D_1854_protein_refined.pdb,1998,-13.0,ki,1a4m
1a4q_DPC_A_466_ligand_refined.sdf,1a4q_DPC_A_466_protein_refined.pdb,1999,-5.443697499232712,ic50,1a4q
1a4q_DPC_B_466_ligand_refined.sdf,1a4q_DPC_B_466_protein_refined.pdb,1999,-5.443697499232712,ic50,1a4q
1a4r_GNH_B_400_ligand_refined.sdf,1a4r_GNH_B_400_protein_refined.pdb,1999,-6.657577319177793,kd,1a4r
1a4r_GDP_A_200_ligand_refined.sdf,1a4r_GDP_A_200_protein_refined.pdb,1999,-11.0268721464003,kd,1a4r
1a4w_QWE_H_373_ligand_refined.sdf,1a4w_QWE_H_373_protein_refined.pdb,1998,-5.920818753952375,ki,1a4w
1a50_FIP_A_270_ligand_refined.sdf,1a50_FIP_A_270_protein_refined.pdb,1999,-6.455931955649724,kd,1a50
1a52_EST_A_1_ligand_refined.sdf,1a52_EST_A_1_protein_refined.pdb,1998,-9.69897000433602,kd,1a52
1a52_EST_B_2_ligand_refined.sdf,1a52_EST_B_2_protein_refined.pdb,1998,-9.69897000433602,kd,1a52
1a5s_FIP_A_270_ligand_refined.sdf,1a5s_FIP_A_270_protein_refined.pdb,1999,-6.455931955649724,kd,1a5s
1a69_FMB_A_240_ligand_refined.sdf,1a69_FMB_A_240_protein_refined.pdb,1998,-5.301029995663981,ki,1a69
1a69_FMB_B_240_ligand_refined.sdf,1a69_FMB_B_240_protein_refined.pdb,1998,-5.301029995663981,ki,1a69
1a69_FMB_C_240_ligand_refined.sdf,1a69_FMB_C_240_protein_refined.pdb,1998,-5.301029995663981,ki,1a69
1a7c_ACE-NH2_B_900-906_ligand_refined.sdf,1a7c_ACE-NH2_B_900-906_protein_refined.pdb,1999,-4.0,kd,1a7c
1a7c_ACE-NH2_C_910-916_ligand_refined.sdf,1a7c_ACE-NH2_C_910-916_protein_refined.pdb,1999,-4.0,kd,1a7c
1a7x_FKA_B_201_ligand_refined.sdf,1a7x_FKA_B_201_protein_refined.pdb,1998,-9.69897000433602,kd,1a7x
1a85_0DY_A_1_ligand_refined.sdf,1a85_0DY_A_1_protein_refined.pdb,1999,-4.585026652029182,ki,1a85
1a86_0ZB_A_1_ligand_refined.sdf,1a86_0ZB_A_1_protein_refined.pdb,1999,-4.055517327849832,ki,1a86
1a8g_2Z4_A_100_ligand_refined.sdf,1a8g_2Z4_A_100_protein_refined.pdb,1998,-8.130768280269024,ki,1a8g
1a8i_GLS_A_998_ligand_refined.sdf,1a8i_GLS_A_998_protein_refined.pdb,1998,-5.522878745280337,ki,1a8i
1a94_0Q4_A_100_ligand_refined.sdf,1a94_0Q4_A_100_protein_refined.pdb,1999,-7.853871964321762,ki,1a94
1a94_0Q4_E_100_ligand_refined.sdf,1a94_0Q4_E_100_protein_refined.pdb,1999,-7.853871964321762,ki,1a94
1a99_PUT_B_371_ligand_refined.sdf,1a99_PUT_B_371_protein_refined.pdb,1998,-5.698970004336019,kd,1a99
1a99_PUT_C_371_ligand_refined.sdf,1a99_PUT_C_371_protein_refined.pdb,1998,-5.698970004336019,kd,1a99
1a99_PUT_A_371_ligand_refined.sdf,1a99_PUT_A_371_protein_refined.pdb,1998,-5.698970004336019,kd,1a99
1a99_PUT_D_371_ligand_refined.sdf,1a99_PUT_D_371_protein_refined.pdb,1998,-5.698970004336019,kd,1a99
1a9m_U0E_B_100_ligand_refined.sdf,1a9m_U0E_B_100_protein_refined.pdb,1998,-6.924453038607469,ki,1a9m
1a9q_HPA_A_290_ligand_refined.sdf,1a9q_HPA_A_290_protein_refined.pdb,1998,-6.167491087293763,kd,1a9q
1a9r_HPA_A_290_ligand_refined.sdf,1a9r_HPA_A_290_protein_refined.pdb,1998,-6.167491087293763,kd,1a9r
1a9t_HPA_A_290_ligand_refined.sdf,1a9t_HPA_A_290_protein_refined.pdb,1998,-6.167491087293763,kd,1a9t
1aaq_PSI_B_100_ligand_refined.sdf,1aaq_PSI_B_100_protein_refined.pdb,1994,-8.522878745280337,ki,1aaq
1abf_FCA_A_307_ligand_refined.sdf,1abf_FCA_A_307_protein_refined.pdb,1993,-5.42021640338319,kd,1abf
1abf_FCB_A_308_ligand_refined.sdf,1abf_FCB_A_308_protein_refined.pdb,1993,-5.42021640338319,kd,1abf
1acj_THA_A_999_ligand_refined.sdf,1acj_THA_A_999_protein_refined.pdb,1994,-7.397940008672037,ki,1acj
1add_1DA_A_353_ligand_refined.sdf,1add_1DA_A_353_protein_refined.pdb,1994,-6.7447274948966935,ki,1add
1adl_ACD_A_135_ligand_refined.sdf,1adl_ACD_A_135_protein_refined.pdb,1994,-5.356547323513812,kd,1adl
1ado_13P_A_1104_ligand_refined.sdf,1ado_13P_A_1104_protein_refined.pdb,1997,-6.0,kd,1ado
1ado_13P_B_1053_ligand_refined.sdf,1ado_13P_B_1053_protein_refined.pdb,1997,-6.0,kd,1ado
1ae4_TOL_A_600_ligand_refined.sdf,1ae4_TOL_A_600_protein_refined.pdb,1998,-5.522878745280337,ki,1ae4
1af6_GLC-FRU_F_1-2_ligand_refined.sdf,1af6_GLC-FRU_F_1-2_protein_refined.pdb,1998,-1.8239087409443189,kd,1af6
1af6_GLC-FRU_D_1-2_ligand_refined.sdf,1af6_GLC-FRU_D_1-2_protein_refined.pdb,1998,-1.8239087409443189,kd,1af6
1af6_GLC-FRU_E_1-2_ligand_refined.sdf,1af6_GLC-FRU_E_1-2_protein_refined.pdb,1998,-1.8239087409443189,kd,1af6
1afk_PAP_A_125_ligand_refined.sdf,1afk_PAP_A_125_protein_refined.pdb,1998,-6.619788758288394,ki,1afk
1afk_PAP_B_125_ligand_refined.sdf,1afk_PAP_B_125_protein_refined.pdb,1998,-6.619788758288394,ki,1afk
1afl_ATR_A_125_ligand_refined.sdf,1afl_ATR_A_125_protein_refined.pdb,1998,-6.2839966563652006,ki,1afl
1afl_ATR_B_125_ligand_refined.sdf,1afl_ATR_B_125_protein_refined.pdb,1998,-6.2839966563652006,ki,1afl
1ag9_FMN_B_177_ligand_refined.sdf,1ag9_FMN_B_177_protein_refined.pdb,1997,-9.0,kd,1ag9
1ag9_FMN_A_177_ligand_refined.sdf,1ag9_FMN_A_177_protein_refined.pdb,1997,-9.0,kd,1ag9
1ah0_SBI_A_320_ligand_refined.sdf,1ah0_SBI_A_320_protein_refined.pdb,1998,-5.958607314841775,ic50,1ah0
1ah3_TOL_A_320_ligand_refined.sdf,1ah3_TOL_A_320_protein_refined.pdb,1998,-7.795880017344075,ic50,1ah3
1ahx_HCI_B_411_ligand_refined.sdf,1ahx_HCI_B_411_protein_refined.pdb,1995,-3.9208187539523753,kd,1ahx
1ahx_HCI_A_411_ligand_refined.sdf,1ahx_HCI_A_411_protein_refined.pdb,1995,-3.9208187539523753,kd,1ahx
1ahy_MAE_A_411_ligand_refined.sdf,1ahy_MAE_A_411_protein_refined.pdb,1995,-3.356547323513813,kd,1ahy
1ahy_MAE_B_411_ligand_refined.sdf,1ahy_MAE_B_411_protein_refined.pdb,1995,-3.356547323513813,kd,1ahy
1ai2_NAP_A_417_ligand_refined.sdf,1ai2_NAP_A_417_protein_refined.pdb,1997,-5.568636235841012,ki,1ai2
1ai3_NDO_A_417_ligand_refined.sdf,1ai3_NDO_A_417_protein_refined.pdb,1997,-3.3946949538588904,ki,1ai3
1ai4_DHY_B_559_ligand_refined.sdf,1ai4_DHY_B_559_protein_refined.pdb,1997,-2.504455662453552,ki,1ai4
1ai5_MNP_B_559_ligand_refined.sdf,1ai5_MNP_B_559_protein_refined.pdb,1997,-3.723538195826756,ki,1ai5
1ai7_IPH_B_559_ligand_refined.sdf,1ai7_IPH_B_559_protein_refined.pdb,1997,-4.086186147616283,ki,1ai7
1aid_THK_B_201_ligand_refined.sdf,1aid_THK_B_201_protein_refined.pdb,1997,-4.823908740944319,ki,1aid
1aj6_NOV_A_1_ligand_refined.sdf,1aj6_NOV_A_1_protein_refined.pdb,1998,-5.920818753952375,kd,1aj6
1aj7_NPE_H_217_ligand_refined.sdf,1aj7_NPE_H_217_protein_refined.pdb,1997,-3.869666231504994,kd,1aj7
1ajn_AAN_B_559_ligand_refined.sdf,1ajn_AAN_B_559_protein_refined.pdb,1997,-2.6345120151091006,ki,1ajn
1ajp_OMD_A_210_ligand_refined.sdf,1ajp_OMD_A_210_protein_refined.pdb,1997,-2.23284413391782,ki,1ajp
1ajq_SPA_B_559_ligand_refined.sdf,1ajq_SPA_B_559_protein_refined.pdb,1997,-4.309803919971486,ki,1ajq
1ajv_NMB_A_501_ligand_refined.sdf,1ajv_NMB_A_501_protein_refined.pdb,1997,-7.718966632752272,ki,1ajv
1ajx_AH1_A_500_ligand_refined.sdf,1ajx_AH1_A_500_protein_refined.pdb,1997,-7.913640169325252,ki,1ajx
1akq_FMN_A_149_ligand_refined.sdf,1akq_FMN_A_149_protein_refined.pdb,1998,-9.102372908709558,kd,1akq
1akr_FMN_A_149_ligand_refined.sdf,1akr_FMN_A_149_protein_refined.pdb,1998,-9.086186147616283,kd,1akr
1akt_FMN_A_149_ligand_refined.sdf,1akt_FMN_A_149_protein_refined.pdb,1998,-8.494850021680094,kd,1akt
1aku_FMN_A_150_ligand_refined.sdf,1aku_FMN_A_150_protein_refined.pdb,1998,-6.127261172527332,kd,1aku
1akv_FMN_A_152_ligand_refined.sdf,1akv_FMN_A_152_protein_refined.pdb,1998,-11.585026652029182,kd,1akv
1akw_FMN_A_149_ligand_refined.sdf,1akw_FMN_A_149_protein_refined.pdb,1998,-8.585026652029182,kd,1akw
1al8_DHP_A_361_ligand_refined.sdf,1al8_DHP_A_361_protein_refined.pdb,1997,-5.318758762624412,ki,1al8
1alw_ISA_A_11_ligand_refined.sdf,1alw_ISA_A_11_protein_refined.pdb,1998,-6.522878745280337,ki,1alw
1alw_ISA_B_12_ligand_refined.sdf,1alw_ISA_B_12_protein_refined.pdb,1998,-6.522878745280337,ki,1alw
1am1_ADP_A_300_ligand_refined.sdf,1am1_ADP_A_300_protein_refined.pdb,1998,-0.87942606879415,kd,1am1
1am6_HAE_A_555_ligand_refined.sdf,1am6_HAE_A_555_protein_refined.pdb,1998,-4.327902142064282,ic50,1am6
1amk_PGA_A_600_ligand_refined.sdf,1amk_PGA_A_600_protein_refined.pdb,1997,-4.301029995663981,ki,1amk
1amw_ADP_A_300_ligand_refined.sdf,1amw_ADP_A_300_protein_refined.pdb,1998,-4.537602002101044,kd,1amw
1anf_GLC-GLC_B_1-2_ligand_refined.sdf,1anf_GLC-GLC_B_1-2_protein_refined.pdb,1997,-5.455931955649724,ki,1anf
1ao8_MTX_A_170_ligand_refined.sdf,1ao8_MTX_A_170_protein_refined.pdb,1998,-11.397940008672036,ki,1ao8
1aoe_GW3_A_194_ligand_refined.sdf,1aoe_GW3_A_194_protein_refined.pdb,1998,-9.657577319177792,ki,1aoe
1aoe_GW3_B_194_ligand_refined.sdf,1aoe_GW3_B_194_protein_refined.pdb,1998,-9.657577319177792,ki,1aoe
1apb_FCA_A_307_ligand_refined.sdf,1apb_FCA_A_307_protein_refined.pdb,1992,-5.82102305270683,kd,1apb
1apb_FCB_A_308_ligand_refined.sdf,1apb_FCB_A_308_protein_refined.pdb,1992,-5.82102305270683,kd,1apb
1apu_IVA-32L_I_4-1_ligand_refined.sdf,1apu_IVA-32L_I_4-1_protein_refined.pdb,1994,-8.795880017344075,ki,1apu
1apz_ASP_D_552_ligand_refined.sdf,1apz_ASP_D_552_protein_refined.pdb,1996,-3.221848749616356,ki,1apz
1apz_ASP_B_551_ligand_refined.sdf,1apz_ASP_B_551_protein_refined.pdb,1996,-3.221848749616356,ki,1apz
1aq7_34H-AG2_B_1-4_ligand_refined.sdf,1aq7_34H-AG2_B_1-4_protein_refined.pdb,1998,-6.045757490560675,ic50,1aq7
1atl_0QI_A_301_ligand_refined.sdf,1atl_0QI_A_301_protein_refined.pdb,1995,-6.2839966563652006,ki,1atl
1atl_0QI_B_311_ligand_refined.sdf,1atl_0QI_B_311_protein_refined.pdb,1995,-6.2839966563652006,ki,1atl
1atp_ATP_E_355_ligand_refined.sdf,1atp_ATP_E_355_protein_refined.pdb,1993,-7.221848749616356,kd,1atp
1avn_HSM_A_264_ligand_refined.sdf,1avn_HSM_A_264_protein_refined.pdb,1997,-3.903089986991944,kd,1avn
1awf_ASP-LEU_I_55-64_ligand_refined.sdf,1awf_ASP-LEU_I_55-64_protein_refined.pdb,1998,-6.013228265733755,ki,1awf
1awi_PRO-PRO_P_1-10_ligand_refined.sdf,1awi_PRO-PRO_P_1-10_protein_refined.pdb,1998,-4.045757490560675,kd,1awi
1ax0_A2G_A_401_ligand_refined.sdf,1ax0_A2G_A_401_protein_refined.pdb,1998,-3.127104798364808,kd,1ax0
1ax1_BGC-GAL_C_1-2_ligand_refined.sdf,1ax1_BGC-GAL_C_1-2_protein_refined.pdb,1998,-3.287801729930226,kd,1ax1
1ax2_NDG-GAL_C_1-2_ligand_refined.sdf,1ax2_NDG-GAL_C_1-2_protein_refined.pdb,1998,-3.988112840268352,kd,1ax2
1axr_HTP_A_998_ligand_refined.sdf,1axr_HTP_A_998_protein_refined.pdb,1998,-3.2676062401770314,ki,1axr
1axz_GLA_A_401_ligand_refined.sdf,1axz_GLA_A_401_protein_refined.pdb,1998,-3.1958996524092336,kd,1axz
1axz_GAL_A_402_ligand_refined.sdf,1axz_GAL_A_402_protein_refined.pdb,1998,-3.1958996524092336,kd,1axz
1az1_ALR_A_318_ligand_refined.sdf,1az1_ALR_A_318_protein_refined.pdb,1998,-5.698970004336019,ki,1az1
1az1_ALR_A_317_ligand_refined.sdf,1az1_ALR_A_317_protein_refined.pdb,1998,-5.698970004336019,ki,1az1
1azl_FMN_A_149_ligand_refined.sdf,1azl_FMN_A_149_protein_refined.pdb,1998,-8.619788758288394,kd,1azl
1azm_AZM_A_262_ligand_refined.sdf,1azm_AZM_A_262_protein_refined.pdb,1994,-5.853871964321762,kd,1azm
1b05_LYS-LYS_B_1-3_ligand_refined.sdf,1b05_LYS-LYS_B_1-3_protein_refined.pdb,1998,-7.1249387366083,kd,1b05
1b0h_LYS-LYS_B_601-603_ligand_refined.sdf,1b0h_LYS-LYS_B_601-603_protein_refined.pdb,1998,-6.698970004336019,kd,1b0h
1b1h_LYS-LYS_B_1-3_ligand_refined.sdf,1b1h_LYS-LYS_B_1-3_protein_refined.pdb,1998,-7.031517051446065,kd,1b1h
1b2h_LYS-LYS_B_1-3_ligand_refined.sdf,1b2h_LYS-LYS_B_1-3_protein_refined.pdb,1998,-4.537602002101044,kd,1b2h
1b2i_AMH_A_84_ligand_refined.sdf,1b2i_AMH_A_84_protein_refined.pdb,1999,-5.958607314841775,kd,1b2i
1b32_LYS-LYS_B_1-3_ligand_refined.sdf,1b32_LYS-LYS_B_1-3_protein_refined.pdb,1998,-7.102372908709558,kd,1b32
1b38_ATP_A_381_ligand_refined.sdf,1b38_ATP_A_381_protein_refined.pdb,1998,-6.5951662833800615,kd,1b38
1b39_ATP_A_381_ligand_refined.sdf,1b39_ATP_A_381_protein_refined.pdb,1998,-6.920818753952375,kd,1b39
1b3d_S27_B_401_ligand_refined.sdf,1b3d_S27_B_401_protein_refined.pdb,1999,-7.619788758288394,ic50,1b3d
1b3f_LYS-LYS_B_1-3_ligand_refined.sdf,1b3f_LYS-LYS_B_1-3_protein_refined.pdb,1998,-6.886056647693163,kd,1b3f
1b3g_LYS-LYS_B_1-3_ligand_refined.sdf,1b3g_LYS-LYS_B_1-3_protein_refined.pdb,1998,-6.698970004336019,kd,1b3g
1b3h_LYS-LYS_B_1-3_ligand_refined.sdf,1b3h_LYS-LYS_B_1-3_protein_refined.pdb,1998,-6.207608310501746,kd,1b3h
1b3l_LYS-LYS_D_1-3_ligand_refined.sdf,1b3l_LYS-LYS_D_1-3_protein_refined.pdb,1998,-5.886056647693163,kd,1b3l
1b3l_LYS-LYS_B_1-3_ligand_refined.sdf,1b3l_LYS-LYS_B_1-3_protein_refined.pdb,1998,-5.886056647693163,kd,1b3l
1b42_M1A_A_600_ligand_refined.sdf,1b42_M1A_A_600_protein_refined.pdb,1999,-4.009217308196862,kd,1b42
1b46_LYS-LYS_B_1-3_ligand_refined.sdf,1b46_LYS-LYS_B_1-3_protein_refined.pdb,1999,-5.2839966563652006,kd,1b46
1b4d_CRA_A_998_ligand_refined.sdf,1b4d_CRA_A_998_protein_refined.pdb,1998,-4.806875401645538,ki,1b4d
1b4h_LYS-LYS_B_1-3_ligand_refined.sdf,1b4h_LYS-LYS_B_1-3_protein_refined.pdb,1998,-5.46344155742847,kd,1b4h
1b4z_LYS-LYS_B_1-3_ligand_refined.sdf,1b4z_LYS-LYS_B_1-3_protein_refined.pdb,1999,-5.229147988357855,kd,1b4z
1b51_LYS-LYS_B_1-3_ligand_refined.sdf,1b51_LYS-LYS_B_1-3_protein_refined.pdb,1999,-7.366531544420413,kd,1b51
1b52_LYS-LYS_B_1-3_ligand_refined.sdf,1b52_LYS-LYS_B_1-3_protein_refined.pdb,1999,-7.119186407719209,kd,1b52
1b55_4IP_B_172_ligand_refined.sdf,1b55_4IP_B_172_protein_refined.pdb,1999,-7.397940008672037,kd,1b55
1b55_4IP_A_171_ligand_refined.sdf,1b55_4IP_A_171_protein_refined.pdb,1999,-7.397940008672037,kd,1b55
1b58_LYS-LYS_B_1-3_ligand_refined.sdf,1b58_LYS-LYS_B_1-3_protein_refined.pdb,1999,-6.585026652029182,kd,1b58
1b5h_LYS-LYS_B_1-3_ligand_refined.sdf,1b5h_LYS-LYS_B_1-3_protein_refined.pdb,1998,-6.013228265733755,kd,1b5h
1b5i_LYS-LYS_B_1-3_ligand_refined.sdf,1b5i_LYS-LYS_B_1-3_protein_refined.pdb,1999,-7.045757490560675,kd,1b5i
1b5j_LYS-LYS_B_1-3_ligand_refined.sdf,1b5j_LYS-LYS_B_1-3_protein_refined.pdb,1999,-7.431798275933005,kd,1b5j
1b6h_LYS-LYS_B_1-3_ligand_refined.sdf,1b6h_LYS-LYS_B_1-3_protein_refined.pdb,1998,-7.823908740944319,kd,1b6h
1b6k_PI5_A_201_ligand_refined.sdf,1b6k_PI5_A_201_protein_refined.pdb,2000,-8.744727494896694,ki,1b6k
1b6l_PI4_A_201_ligand_refined.sdf,1b6l_PI4_A_201_protein_refined.pdb,2000,-8.301029995663981,ki,1b6l
1b6m_PI6_B_201_ligand_refined.sdf,1b6m_PI6_B_201_protein_refined.pdb,2000,-8.397940008672037,ki,1b6m
1b6p_PI7_A_201_ligand_refined.sdf,1b6p_PI7_A_201_protein_refined.pdb,2000,-8.522878745280337,ki,1b6p
1b74_DGN_A_538_ligand_refined.sdf,1b74_DGN_A_538_protein_refined.pdb,2000,-1.3010299956639813,ki,1b74
1b7h_LYS-LYS_B_1-3_ligand_refined.sdf,1b7h_LYS-LYS_B_1-3_protein_refined.pdb,1998,-8.022276394711152,kd,1b7h
1b8n_IMG_A_600_ligand_refined.sdf,1b8n_IMG_A_600_protein_refined.pdb,1999,-10.522878745280336,ki,1b8n
1b8o_IMH_A_600_ligand_refined.sdf,1b8o_IMH_A_600_protein_refined.pdb,1999,-10.638272163982409,ki,1b8o
1b8y_IN7_A_502_ligand_refined.sdf,1b8y_IN7_A_502_protein_refined.pdb,1999,-7.853871964321762,ki,1b8y
1b9j_LYS-LYS_B_1-3_ligand_refined.sdf,1b9j_LYS-LYS_B_1-3_protein_refined.pdb,1999,-5.958607314841775,kd,1b9j
1b9s_FDI_A_468_ligand_refined.sdf,1b9s_FDI_A_468_protein_refined.pdb,1999,-3.175874166083451,ic50,1b9s
1b9t_RAI_A_468_ligand_refined.sdf,1b9t_RAI_A_468_protein_refined.pdb,1999,-5.096910013008056,ic50,1b9t
1b9v_RA2_A_468_ligand_refined.sdf,1b9v_RA2_A_468_protein_refined.pdb,1999,-3.649751981665837,ic50,1b9v
1bai_0Q4_A_125_ligand_refined.sdf,1bai_0Q4_A_125_protein_refined.pdb,1999,-7.698970004336019,ki,1bai
1bap_ARA_A_307_ligand_refined.sdf,1bap_ARA_A_307_protein_refined.pdb,1992,-6.853871964321762,kd,1bap
1bap_ARB_A_308_ligand_refined.sdf,1bap_ARB_A_308_protein_refined.pdb,1992,-6.853871964321762,kd,1bap
1bb6_UMG_A_130_ligand_refined.sdf,1bb6_UMG_A_130_protein_refined.pdb,1999,-5.698970004336019,kd,1bb6
1bb7_GUM_A_130_ligand_refined.sdf,1bb7_GUM_A_130_protein_refined.pdb,1999,-4.176091259055681,kd,1bb7
1bcd_FMS_A_500_ligand_refined.sdf,1bcd_FMS_A_500_protein_refined.pdb,1993,-8.698970004336019,kd,1bcd
1bcj_NGA_1_1_ligand_refined.sdf,1bcj_NGA_1_1_protein_refined.pdb,1998,-3.6989700043360174,kd,1bcj
1bcj_NGA_2_1_ligand_refined.sdf,1bcj_NGA_2_1_protein_refined.pdb,1998,-3.6989700043360174,kd,1bcj
1bcj_NGA_3_1_ligand_refined.sdf,1bcj_NGA_3_1_protein_refined.pdb,1998,-3.6989700043360174,kd,1bcj
1bcu_PRL_H_280_ligand_refined.sdf,1bcu_PRL_H_280_protein_refined.pdb,1998,-3.275724130399211,kd,1bcu
1bf3_PHB_A_396_ligand_refined.sdf,1bf3_PHB_A_396_protein_refined.pdb,1998,-3.9208187539523753,kd,1bf3
1bfv_STG_H_200_ligand_refined.sdf,1bfv_STG_H_200_protein_refined.pdb,1997,-7.0,kd,1bfv
1bgq_RDC_A_300_ligand_refined.sdf,1bgq_RDC_A_300_protein_refined.pdb,1999,-8.568636235841012,kd,1bgq
1bhf_ACE-ILE_I_251-255_ligand_refined.sdf,1bhf_ACE-ILE_I_251-255_protein_refined.pdb,1998,-4.376750709602099,kd,1bhf
1bhx_R56_F_1_ligand_refined.sdf,1bhx_R56_F_1_protein_refined.pdb,1998,-6.838631997765026,ki,1bhx
1bic_BCT_A_498_ligand_refined.sdf,1bic_BCT_A_498_protein_refined.pdb,1993,-1.0705810742857071,ki,1bic
1bil_0IU_A_391_ligand_refined.sdf,1bil_0IU_A_391_protein_refined.pdb,1996,-9.30102999566398,ic50,1bil
1bil_0IU_B_391_ligand_refined.sdf,1bil_0IU_B_391_protein_refined.pdb,1996,-9.30102999566398,ic50,1bil
1bir_2GP_A_106_ligand_refined.sdf,1bir_2GP_A_106_protein_refined.pdb,1996,-3.860120913598764,kd,1bir
1bir_2GP_B_107_ligand_refined.sdf,1bir_2GP_B_107_protein_refined.pdb,1996,-3.860120913598764,kd,1bir
1biw_S80_B_401_ligand_refined.sdf,1biw_S80_B_401_protein_refined.pdb,1999,-6.982966660701219,ic50,1biw
1bji_DPC_A_479G_ligand_refined.sdf,1bji_DPC_A_479G_protein_refined.pdb,1998,-8.698970004336019,ic50,1bji
1bju_GP6_A_910_ligand_refined.sdf,1bju_GP6_A_910_protein_refined.pdb,1998,-5.207608310501746,ki,1bju
1bjv_GP8_A_900_ligand_refined.sdf,1bjv_GP8_A_900_protein_refined.pdb,1998,-4.886056647693163,ki,1bjv
1bkf_FK5_A_108_ligand_refined.sdf,1bkf_FK5_A_108_protein_refined.pdb,1996,-8.67778070526608,ki,1bkf
1bkj_FMN_A_241_ligand_refined.sdf,1bkj_FMN_A_241_protein_refined.pdb,1999,-6.769551078621726,kd,1bkj
1bkj_FMN_B_241_ligand_refined.sdf,1bkj_FMN_B_241_protein_refined.pdb,1999,-6.769551078621726,kd,1bkj
1bky_1MC_A_600_ligand_refined.sdf,1bky_1MC_A_600_protein_refined.pdb,1999,-3.8416375079047502,kd,1bky
1bl4_AP1_A_108_ligand_refined.sdf,1bl4_AP1_A_108_protein_refined.pdb,1998,-8.744727494896694,ic50,1bl4
1bl4_AP1_B_109_ligand_refined.sdf,1bl4_AP1_B_109_protein_refined.pdb,1998,-8.744727494896694,ic50,1bl4
1bl6_SB6_A_800_ligand_refined.sdf,1bl6_SB6_A_800_protein_refined.pdb,1999,-6.795880017344075,ic50,1bl6
1bl7_SB4_A_800_ligand_refined.sdf,1bl7_SB4_A_800_protein_refined.pdb,1999,-7.721246399047171,ic50,1bl7
1bm7_FLF_A_501_ligand_refined.sdf,1bm7_FLF_A_501_protein_refined.pdb,1998,-7.522878745280337,kd,1bm7
1bm7_FLF_B_502_ligand_refined.sdf,1bm7_FLF_B_502_protein_refined.pdb,1998,-7.522878745280337,kd,1bm7
1bma_0QH_A_256_ligand_refined.sdf,1bma_0QH_A_256_protein_refined.pdb,1995,-4.585026652029182,ki,1bma
1bmb_LYS-PHE_I_1-9_ligand_refined.sdf,1bmb_LYS-PHE_I_1-9_protein_refined.pdb,1998,-6.154901959985743,ic50,1bmb
1bmk_SB5_A_800_ligand_refined.sdf,1bmk_SB5_A_800_protein_refined.pdb,1999,-7.602059991327962,ic50,1bmk
1bmm_BM2_H_1_ligand_refined.sdf,1bmm_BM2_H_1_protein_refined.pdb,1996,-6.4089353929735005,ic50,1bmm
1bmn_BM9_H_1_ligand_refined.sdf,1bmn_BM9_H_1_protein_refined.pdb,1996,-8.443697499232712,ki,1bmn
1bn1_AL5_A_555_ligand_refined.sdf,1bn1_AL5_A_555_protein_refined.pdb,1999,-9.337242168318426,kd,1bn1
1bn3_AL6_A_555_ligand_refined.sdf,1bn3_AL6_A_555_protein_refined.pdb,1999,-9.886056647693165,kd,1bn3
1bn4_AL9_A_555_ligand_refined.sdf,1bn4_AL9_A_555_protein_refined.pdb,1999,-9.309803919971486,kd,1bn4
1bnm_AL8_A_555_ligand_refined.sdf,1bnm_AL8_A_555_protein_refined.pdb,1999,-10.0,kd,1bnm
1bnn_AL1_A_555_ligand_refined.sdf,1bnn_AL1_A_555_protein_refined.pdb,1999,-10.0,kd,1bnn
1bnq_AL4_A_555_ligand_refined.sdf,1bnq_AL4_A_555_protein_refined.pdb,1999,-9.494850021680094,kd,1bnq
1bnt_AL2_A_555_ligand_refined.sdf,1bnt_AL2_A_555_protein_refined.pdb,1999,-9.795880017344077,kd,1bnt
1bnu_AL3_A_555_ligand_refined.sdf,1bnu_AL3_A_555_protein_refined.pdb,1999,-9.69897000433602,kd,1bnu
1bnv_AL7_A_555_ligand_refined.sdf,1bnv_AL7_A_555_protein_refined.pdb,1999,-8.769551078621726,kd,1bnv
1bnw_TPD_A_555_ligand_refined.sdf,1bnw_TPD_A_555_protein_refined.pdb,1999,-9.080921907623926,kd,1bnw
1boz_PRD_A_400_ligand_refined.sdf,1boz_PRD_A_400_protein_refined.pdb,1998,-5.070581074285707,ic50,1boz
1bp0_UMP_A_317_ligand_refined.sdf,1bp0_UMP_A_317_protein_refined.pdb,2000,-5.3979400086720375,kd,1bp0
1bq4_BHC_A_302_ligand_refined.sdf,1bq4_BHC_A_302_protein_refined.pdb,1998,-5.221848749616356,ki,1bq4
1bqo_N25_B_401_ligand_refined.sdf,1bqo_N25_B_401_protein_refined.pdb,1999,-7.735182176990463,ic50,1bqo
1br5_NEO_A_500_ligand_refined.sdf,1br5_NEO_A_500_protein_refined.pdb,1998,-2.6989700043360187,ki,1br5
1br6_PT1_A_301_ligand_refined.sdf,1br6_PT1_A_301_protein_refined.pdb,1998,-3.221848749616356,ki,1br6
1bra_BEN_A_246_ligand_refined.sdf,1bra_BEN_A_246_protein_refined.pdb,1994,-1.8239087409443189,ki,1bra
1btn_I3P_A_107_ligand_refined.sdf,1btn_I3P_A_107_protein_refined.pdb,1996,-4.3979400086720375,kd,1btn
1bto_SSB_A_378_ligand_refined.sdf,1bto_SSB_A_378_protein_refined.pdb,1997,-6.508638306165727,ki,1bto
1bto_SSB_B_378_ligand_refined.sdf,1bto_SSB_B_378_protein_refined.pdb,1997,-6.508638306165727,ki,1bto
1bto_SSB_C_378_ligand_refined.sdf,1bto_SSB_C_378_protein_refined.pdb,1997,-6.508638306165727,ki,1bto
1bto_SSB_D_378_ligand_refined.sdf,1bto_SSB_D_378_protein_refined.pdb,1997,-6.508638306165727,ki,1bto
1bv7_XV6_A_638_ligand_refined.sdf,1bv7_XV6_A_638_protein_refined.pdb,1998,-9.30102999566398,ki,1bv7
1bv9_XV6_A_638_ligand_refined.sdf,1bv9_XV6_A_638_protein_refined.pdb,1998,-8.958607314841775,ki,1bv9
1bwa_XV6_B_638_ligand_refined.sdf,1bwa_XV6_B_638_protein_refined.pdb,1998,-8.602059991327963,ki,1bwa
1bwb_146_B_641_ligand_refined.sdf,1bwb_146_B_641_protein_refined.pdb,1998,-8.42021640338319,ki,1bwb
1bwn_4IP_A_172_ligand_refined.sdf,1bwn_4IP_A_172_protein_refined.pdb,1999,-7.060480747381382,kd,1bwn
1bwn_4IP_A_1_ligand_refined.sdf,1bwn_4IP_A_1_protein_refined.pdb,1999,-7.060480747381382,kd,1bwn
1bwn_4IP_B_172_ligand_refined.sdf,1bwn_4IP_B_172_protein_refined.pdb,1999,-7.060480747381382,kd,1bwn
1bwn_4IP_B_1_ligand_refined.sdf,1bwn_4IP_B_1_protein_refined.pdb,1999,-7.060480747381382,kd,1bwn
1bxo_PP7_A_324_ligand_refined.sdf,1bxo_PP7_A_324_protein_refined.pdb,1998,-10.0,ki,1bxo
1bxq_PP8_A_324_ligand_refined.sdf,1bxq_PP8_A_324_protein_refined.pdb,1998,-7.376750709602099,ki,1bxq
1bzc_TPI_A_902_ligand_refined.sdf,1bzc_TPI_A_902_protein_refined.pdb,1999,-4.920818753952375,ki,1bzc
1bzj_PIC_A_301_ligand_refined.sdf,1bzj_PIC_A_301_protein_refined.pdb,1999,-4.657577319177793,ki,1bzj
1bzm_MZM_A_262_ligand_refined.sdf,1bzm_MZM_A_262_protein_refined.pdb,1994,-7.301029995663981,ki,1bzm
1bzs_BSI_A_250_ligand_refined.sdf,1bzs_BSI_A_250_protein_refined.pdb,2000,-8.0,ic50,1bzs
1bzy_IMU_B_300_ligand_refined.sdf,1bzy_IMU_B_300_protein_refined.pdb,1999,-8.337242168318426,kd,1bzy
1bzy_IMU_A_300_ligand_refined.sdf,1bzy_IMU_A_300_protein_refined.pdb,1999,-8.337242168318426,kd,1bzy
1bzy_IMU_C_300_ligand_refined.sdf,1bzy_IMU_C_300_protein_refined.pdb,1999,-8.337242168318426,kd,1bzy
1bzy_IMU_D_300_ligand_refined.sdf,1bzy_IMU_D_300_protein_refined.pdb,1999,-8.337242168318426,kd,1bzy
1c0i_BE2_A_1364_ligand_refined.sdf,1c0i_BE2_A_1364_protein_refined.pdb,2002,-2.6989700043360187,kd,1c0i
1c0i_BE2_A_1365_ligand_refined.sdf,1c0i_BE2_A_1365_protein_refined.pdb,2002,-2.6989700043360187,kd,1c0i
1c0l_FLA_A_1364_ligand_refined.sdf,1c0l_FLA_A_1364_protein_refined.pdb,2000,-2.207608310501746,kd,1c0l
1c14_TCL_A_502_ligand_refined.sdf,1c14_TCL_A_502_protein_refined.pdb,2000,-6.920818753952375,ic50,1c14
1c14_TCL_B_1502_ligand_refined.sdf,1c14_TCL_B_1502_protein_refined.pdb,2000,-6.920818753952375,ic50,1c14
1c1r_BAI_A_246_ligand_refined.sdf,1c1r_BAI_A_246_protein_refined.pdb,2000,-7.628932137728263,ki,1c1r
1c1v_BAB_H_410_ligand_refined.sdf,1c1v_BAB_H_410_protein_refined.pdb,2000,-7.638272163982407,ki,1c1v
1c29_HE1_A_270_ligand_refined.sdf,1c29_HE1_A_270_protein_refined.pdb,2000,-6.326058001365912,ic50,1c29
1c2d_BAK_A_246_ligand_refined.sdf,1c2d_BAK_A_246_protein_refined.pdb,2000,-8.2839966563652,ki,1c2d
1c2t_NHS_B_220_ligand_refined.sdf,1c2t_NHS_B_220_protein_refined.pdb,2000,-6.585026652029182,ki,1c2t
1c2t_NHS_A_222_ligand_refined.sdf,1c2t_NHS_A_222_protein_refined.pdb,2000,-6.585026652029182,ki,1c2t
1c3v_NDP_B_1301_ligand_refined.sdf,1c3v_NDP_B_1301_protein_refined.pdb,2003,-5.6777807052660805,kd,1c3v
1c3v_NDP_A_801_ligand_refined.sdf,1c3v_NDP_A_801_protein_refined.pdb,2003,-5.6777807052660805,kd,1c3v
1c4u_IH1_2_370_ligand_refined.sdf,1c4u_IH1_2_370_protein_refined.pdb,2000,-10.366531544420411,ki,1c4u
1c4v_IH2_2_370_ligand_refined.sdf,1c4v_IH2_2_370_protein_refined.pdb,2000,-10.795880017344077,ki,1c4v
1c50_CHI_A_920_ligand_refined.sdf,1c50_CHI_A_920_protein_refined.pdb,1999,-6.476253533188435,ic50,1c50
1c5c_TK4_L_1001_ligand_refined.sdf,1c5c_TK4_L_1001_protein_refined.pdb,2000,-6.958607314841775,kd,1c5c
1c5n_ESI_H_522_ligand_refined.sdf,1c5n_ESI_H_522_protein_refined.pdb,2000,-4.698970004336019,ki,1c5n
1c5q_ESI_A_246_ligand_refined.sdf,1c5q_ESI_A_246_protein_refined.pdb,2000,-6.356547323513812,ki,1c5q
1c5r_ESI_A_246_ligand_refined.sdf,1c5r_ESI_A_246_protein_refined.pdb,2000,-6.356547323513812,ki,1c5r
1c5s_ESX_A_246_ligand_refined.sdf,1c5s_ESX_A_246_protein_refined.pdb,2000,-6.0,ki,1c5s
1c5t_ESP_A_246_ligand_refined.sdf,1c5t_ESP_A_246_protein_refined.pdb,2000,-4.096910013008056,ki,1c5t
1c5u_ESP_A_246_ligand_refined.sdf,1c5u_ESP_A_246_protein_refined.pdb,2000,-4.096910013008056,ki,1c5u
1c5w_ESI_B_251_ligand_refined.sdf,1c5w_ESI_B_251_protein_refined.pdb,2000,-6.6777807052660805,ki,1c5w
1c5x_ESI_B_251_ligand_refined.sdf,1c5x_ESI_B_251_protein_refined.pdb,2000,-6.6777807052660805,ki,1c5x
1c5y_ESP_B_251_ligand_refined.sdf,1c5y_ESP_B_251_protein_refined.pdb,2000,-4.200659450546418,ki,1c5y
1c6y_MK1_B_524_ligand_refined.sdf,1c6y_MK1_B_524_protein_refined.pdb,2000,-9.508638306165729,ki,1c6y
1c70_L75_B_423_ligand_refined.sdf,1c70_L75_B_423_protein_refined.pdb,2000,-10.30102999566398,ki,1c70
1c7e_FMN_A_1149_ligand_refined.sdf,1c7e_FMN_A_1149_protein_refined.pdb,2000,-6.296708621881338,kd,1c7e
1c7e_FMN_B_2149_ligand_refined.sdf,1c7e_FMN_B_2149_protein_refined.pdb,2000,-6.296708621881338,kd,1c7e
1c7f_FMN_B_2149_ligand_refined.sdf,1c7f_FMN_B_2149_protein_refined.pdb,2000,-9.522878745280336,kd,1c7f
1c7f_FMN_A_1149_ligand_refined.sdf,1c7f_FMN_A_1149_protein_refined.pdb,2000,-9.522878745280336,kd,1c7f
1c83_OAI_A_301_ligand_refined.sdf,1c83_OAI_A_301_protein_refined.pdb,2000,-4.853871964321762,ki,1c83
1c84_761_A_301_ligand_refined.sdf,1c84_761_A_301_protein_refined.pdb,2000,-5.00436480540245,ki,1c84
1c85_OBA_A_301_ligand_refined.sdf,1c85_OBA_A_301_protein_refined.pdb,2000,-4.639999934172963,ki,1c85
1c86_OPA_A_301_ligand_refined.sdf,1c86_OPA_A_301_protein_refined.pdb,2000,-4.698970004336019,ki,1c86
1c87_OPA_A_301_ligand_refined.sdf,1c87_OPA_A_301_protein_refined.pdb,2000,-4.200659450546418,ki,1c87
1c88_OTA_A_301_ligand_refined.sdf,1c88_OTA_A_301_protein_refined.pdb,2000,-5.292429823902063,ki,1c88
1c8k_CPB_A_940_ligand_refined.sdf,1c8k_CPB_A_940_protein_refined.pdb,2000,-6.0,ic50,1c8k
1c8l_BIN_A_930_ligand_refined.sdf,1c8l_BIN_A_930_protein_refined.pdb,2000,-8.161150909262744,ic50,1c8l
1c8l_CFF_A_940_ligand_refined.sdf,1c8l_CFF_A_940_protein_refined.pdb,2000,-3.3467874862246565,ic50,1c8l
1c8v_HE1_A_270_ligand_refined.sdf,1c8v_HE1_A_270_protein_refined.pdb,2000,-6.326058001365912,ic50,1c8v
1c9d_HF1_A_270_ligand_refined.sdf,1c9d_HF1_A_270_protein_refined.pdb,1999,-6.30189945437661,ic50,1c9d
1c9h_RAP_A_108_ligand_refined.sdf,1c9h_RAP_A_108_protein_refined.pdb,2000,-9.69897000433602,kd,1c9h
1cah_BCT_A_500_ligand_refined.sdf,1cah_BCT_A_500_protein_refined.pdb,1993,-1.0705810742857071,ki,1cah
1cam_BCT_A_500_ligand_refined.sdf,1cam_BCT_A_500_protein_refined.pdb,1993,-1.0705810742857071,ki,1cam
1can_NO3_A_511_ligand_refined.sdf,1can_NO3_A_511_protein_refined.pdb,1994,-1.4559319556497243,ki,1can
1caq_DPS_A_502_ligand_refined.sdf,1caq_DPS_A_502_protein_refined.pdb,1999,-7.721246399047171,ki,1caq
1cb7_TAR_D_900_ligand_refined.sdf,1cb7_TAR_D_900_protein_refined.pdb,2000,-2.0,ki,1cb7
1cb7_TAR_B_900_ligand_refined.sdf,1cb7_TAR_B_900_protein_refined.pdb,2000,-2.0,ki,1cb7
1cbr_REA_A_200_ligand_refined.sdf,1cbr_REA_A_200_protein_refined.pdb,1995,-6.698970004336019,kd,1cbr
1cbr_REA_B_200_ligand_refined.sdf,1cbr_REA_B_200_protein_refined.pdb,1995,-6.698970004336019,kd,1cbr
1cbx_BZS_A_500_ligand_refined.sdf,1cbx_BZS_A_500_protein_refined.pdb,1994,-6.346787486224656,ki,1cbx
1cc4_PHB_A_396_ligand_refined.sdf,1cc4_PHB_A_396_protein_refined.pdb,1999,-4.522878745280337,kd,1cc4
1cc6_PHB_A_396_ligand_refined.sdf,1cc6_PHB_A_396_protein_refined.pdb,1999,-4.522878745280337,kd,1cc6
1ccw_TAR_B_900_ligand_refined.sdf,1ccw_TAR_B_900_protein_refined.pdb,2000,-2.0,ki,1ccw
1ccw_TAR_D_900_ligand_refined.sdf,1ccw_TAR_D_900_protein_refined.pdb,2000,-2.0,ki,1ccw
1ce5_BEN_A_703_ligand_refined.sdf,1ce5_BEN_A_703_protein_refined.pdb,1999,-4.735182176990463,ki,1ce5
1cea_ACA_A_90_ligand_refined.sdf,1cea_ACA_A_90_protein_refined.pdb,1996,-4.958607314841775,kd,1cea
1cea_ACA_B_90_ligand_refined.sdf,1cea_ACA_B_90_protein_refined.pdb,1996,-4.958607314841775,kd,1cea
1ceb_AMH_B_90_ligand_refined.sdf,1ceb_AMH_B_90_protein_refined.pdb,1996,-6.0,kd,1ceb
1ceb_AMH_A_90_ligand_refined.sdf,1ceb_AMH_A_90_protein_refined.pdb,1996,-6.0,kd,1ceb
1cet_CLQ_A_1001_ligand_refined.sdf,1cet_CLQ_A_1001_protein_refined.pdb,1999,-2.886056647693163,ki,1cet
1cfv_E3G_H_200_ligand_refined.sdf,1cfv_E3G_H_200_protein_refined.pdb,1997,-8.0,kd,1cfv
1cgl_0ED_A_1_ligand_refined.sdf,1cgl_0ED_A_1_protein_refined.pdb,1995,-6.8696662315049934,ki,1cgl
1cgl_0ED_B_1_ligand_refined.sdf,1cgl_0ED_B_1_protein_refined.pdb,1995,-6.8696662315049934,ki,1cgl
1chm_CMS_A_404_ligand_refined.sdf,1chm_CMS_A_404_protein_refined.pdb,1994,-3.657577319177794,ki,1chm
1chm_CMS_B_404_ligand_refined.sdf,1chm_CMS_B_404_protein_refined.pdb,1994,-3.657577319177794,ki,1chm
1cil_ETS_A_263_ligand_refined.sdf,1cil_ETS_A_263_protein_refined.pdb,1994,-9.429457060118102,ki,1cil
1cim_PTS_A_264_ligand_refined.sdf,1cim_PTS_A_264_protein_refined.pdb,1994,-8.818156412055227,ki,1cim
1cin_MTS_A_264_ligand_refined.sdf,1cin_MTS_A_264_protein_refined.pdb,1994,-8.72584215073632,ki,1cin
1ciz_DPS_A_307_ligand_refined.sdf,1ciz_DPS_A_307_protein_refined.pdb,1999,-7.443697499232712,ki,1ciz
1cjb_IRP_A_300_ligand_refined.sdf,1cjb_IRP_A_300_protein_refined.pdb,1999,-9.0,kd,1cjb
1cjb_IRP_B_300_ligand_refined.sdf,1cjb_IRP_B_300_protein_refined.pdb,1999,-9.0,kd,1cjb
1cjb_IRP_C_300_ligand_refined.sdf,1cjb_IRP_C_300_protein_refined.pdb,1999,-9.0,kd,1cjb
1cjb_IRP_D_300_ligand_refined.sdf,1cjb_IRP_D_300_protein_refined.pdb,1999,-9.0,kd,1cjb
1cm0_COA_A_701_ligand_refined.sdf,1cm0_COA_A_701_protein_refined.pdb,1999,-4.377682339166156,ic50,1cm0
1cm0_COA_B_700_ligand_refined.sdf,1cm0_COA_B_700_protein_refined.pdb,1999,-4.377682339166156,ic50,1cm0
1cmp_DMI_A_295_ligand_refined.sdf,1cmp_DMI_A_295_protein_refined.pdb,1994,-4.568636235841012,kd,1cmp
1cnw_EG1_A_555_ligand_refined.sdf,1cnw_EG1_A_555_protein_refined.pdb,1995,-7.721246399047171,kd,1cnw
1cnx_EG2_A_555_ligand_refined.sdf,1cnx_EG2_A_555_protein_refined.pdb,1995,-7.366531544420413,kd,1cnx
1cny_EG3_A_555_ligand_refined.sdf,1cny_EG3_A_555_protein_refined.pdb,1995,-7.853871964321762,kd,1cny
1cps_CPM_A_588_ligand_refined.sdf,1cps_CPM_A_588_protein_refined.pdb,1993,-6.657577319177793,ki,1cps
1cqe_FLP_A_1650_ligand_refined.sdf,1cqe_FLP_A_1650_protein_refined.pdb,1999,-6.0,ki,1cqe
1cqe_FLP_B_2650_ligand_refined.sdf,1cqe_FLP_B_2650_protein_refined.pdb,1999,-6.0,ki,1cqe
1cqp_803_A_311_ligand_refined.sdf,1cqp_803_A_311_protein_refined.pdb,2000,-4.889410289700751,kd,1cqp
1cqp_803_B_311_ligand_refined.sdf,1cqp_803_B_311_protein_refined.pdb,2000,-4.889410289700751,kd,1cqp
1cs4_101_B_1082_ligand_refined.sdf,1cs4_101_B_1082_protein_refined.pdb,2001,-5.568636235841012,ic50,1cs4
1csh_AMX_A_700_ligand_refined.sdf,1csh_AMX_A_700_protein_refined.pdb,1994,-7.552841968657781,ki,1csh
1csi_CMX_A_700_ligand_refined.sdf,1csi_CMX_A_700_protein_refined.pdb,1994,-8.795880017344075,ki,1csi
1csr_FAM_A_700_ligand_refined.sdf,1csr_FAM_A_700_protein_refined.pdb,1995,-7.376750709602099,ki,1csr
1css_FCX_A_700_ligand_refined.sdf,1css_FCX_A_700_protein_refined.pdb,1995,-6.096910013008056,ki,1css
1ct8_TAA_B_550_ligand_refined.sdf,1ct8_TAA_B_550_protein_refined.pdb,1999,-6.522878745280337,kd,1ct8
1ct8_TAA_D_551_ligand_refined.sdf,1ct8_TAA_D_551_protein_refined.pdb,1999,-6.522878745280337,kd,1ct8
1ctr_TFP_A_153_ligand_refined.sdf,1ctr_TFP_A_153_protein_refined.pdb,1994,-6.0,kd,1ctr
1ctt_DHZ_A_295_ligand_refined.sdf,1ctt_DHZ_A_295_protein_refined.pdb,1995,-4.522878745280337,ki,1ctt
1ctu_ZEB_A_295_ligand_refined.sdf,1ctu_ZEB_A_295_protein_refined.pdb,1995,-11.920818753952377,ki,1ctu
1cva_AZI_A_357_ligand_refined.sdf,1cva_AZI_A_357_protein_refined.pdb,1993,-2.8239087409443187,ki,1cva
1cw2_HSP_A_270_ligand_refined.sdf,1cw2_HSP_A_270_protein_refined.pdb,1999,-6.145693958198919,ic50,1cw2
1cx9_NHP_A_270_ligand_refined.sdf,1cx9_NHP_A_270_protein_refined.pdb,1999,-6.7495799976911055,ic50,1cx9
1czc_GUA_A_414_ligand_refined.sdf,1czc_GUA_A_414_protein_refined.pdb,2000,-2.8239087409443187,kd,1czc
1cze_SIN_A_414_ligand_refined.sdf,1cze_SIN_A_414_protein_refined.pdb,2000,-2.619788758288394,kd,1cze
1czh_FMN_A_170_ligand_refined.sdf,1czh_FMN_A_170_protein_refined.pdb,1999,-9.544068044350276,kd,1czh
1czk_FMN_A_170_ligand_refined.sdf,1czk_FMN_A_170_protein_refined.pdb,2000,-8.823908740944319,kd,1czk
1czl_FMN_A_170_ligand_refined.sdf,1czl_FMN_A_170_protein_refined.pdb,1999,-9.146128035678238,kd,1czl
1czo_FMN_A_170_ligand_refined.sdf,1czo_FMN_A_170_protein_refined.pdb,1999,-4.544068044350276,kd,1czo
1czr_FMN_A_170_ligand_refined.sdf,1czr_FMN_A_170_protein_refined.pdb,1999,-9.0,kd,1czr
1d04_FMN_A_170_ligand_refined.sdf,1d04_FMN_A_170_protein_refined.pdb,1999,-4.57978359661681,kd,1d04
1d09_PAL_A_1311_ligand_refined.sdf,1d09_PAL_A_1311_protein_refined.pdb,2000,-7.568636235841012,ki,1d09
1d09_PAL_C_1312_ligand_refined.sdf,1d09_PAL_C_1312_protein_refined.pdb,2000,-7.568636235841012,ki,1d09
1d0c_INE_B_761_ligand_refined.sdf,1d0c_INE_B_761_protein_refined.pdb,2001,-5.698970004336019,ic50,1d0c
1d0c_INE_B_765_ligand_refined.sdf,1d0c_INE_B_765_protein_refined.pdb,2001,-5.698970004336019,ic50,1d0c
1d0c_INE_A_766_ligand_refined.sdf,1d0c_INE_A_766_protein_refined.pdb,2001,-5.698970004336019,ic50,1d0c
1d0c_INE_A_760_ligand_refined.sdf,1d0c_INE_A_760_protein_refined.pdb,2001,-5.698970004336019,ic50,1d0c
1d0o_INE_B_761_ligand_refined.sdf,1d0o_INE_B_761_protein_refined.pdb,2001,-5.698970004336019,ic50,1d0o
1d0o_INE_A_760_ligand_refined.sdf,1d0o_INE_A_760_protein_refined.pdb,2001,-5.698970004336019,ic50,1d0o
1d0o_INE_A_766_ligand_refined.sdf,1d0o_INE_A_766_protein_refined.pdb,2001,-5.698970004336019,ic50,1d0o
1d0o_INE_B_765_ligand_refined.sdf,1d0o_INE_B_765_protein_refined.pdb,2001,-5.698970004336019,ic50,1d0o
1d1w_ATQ_B_801_ligand_refined.sdf,1d1w_ATQ_B_801_protein_refined.pdb,2000,-6.455931955649724,ki,1d1w
1d1w_ATQ_A_805_ligand_refined.sdf,1d1w_ATQ_A_805_protein_refined.pdb,2000,-6.455931955649724,ki,1d1w
1d2e_GDP_C_1303_ligand_refined.sdf,1d2e_GDP_C_1303_protein_refined.pdb,1999,-6.0,kd,1d2e
1d2e_GDP_B_1302_ligand_refined.sdf,1d2e_GDP_B_1302_protein_refined.pdb,1999,-6.0,kd,1d2e
1d2e_GDP_A_1301_ligand_refined.sdf,1d2e_GDP_A_1301_protein_refined.pdb,1999,-6.0,kd,1d2e
1d2e_GDP_D_1304_ligand_refined.sdf,1d2e_GDP_D_1304_protein_refined.pdb,1999,-6.0,kd,1d2e
1d2s_DHT_A_301_ligand_refined.sdf,1d2s_DHT_A_301_protein_refined.pdb,2000,-9.739928612014925,kd,1d2s
1d3d_BZT_B_400_ligand_refined.sdf,1d3d_BZT_B_400_protein_refined.pdb,2000,-9.093421685162236,kd,1d3d
1d3g_BRE_A_397_ligand_refined.sdf,1d3g_BRE_A_397_protein_refined.pdb,2000,-8.154901959985743,ic50,1d3g
1d3h_A26_A_397_ligand_refined.sdf,1d3h_A26_A_397_protein_refined.pdb,2000,-6.522878745280337,ic50,1d3h
1d3p_BT3_B_400_ligand_refined.sdf,1d3p_BT3_B_400_protein_refined.pdb,2000,-7.385606273598312,kd,1d3p
1d3t_BT1_B_400_ligand_refined.sdf,1d3t_BT1_B_400_protein_refined.pdb,2000,-6.427128397799519,ki,1d3t
1d4h_BEH_B_501_ligand_refined.sdf,1d4h_BEH_B_501_protein_refined.pdb,2002,-10.0,ki,1d4h
1d4i_BEG_A_501_ligand_refined.sdf,1d4i_BEG_A_501_protein_refined.pdb,2002,-8.853871964321762,ki,1d4i
1d4j_MSC_B_501_ligand_refined.sdf,1d4j_MSC_B_501_protein_refined.pdb,2002,-8.356547323513812,ki,1d4j
1d4k_PI8_A_201_ligand_refined.sdf,1d4k_PI8_A_201_protein_refined.pdb,2000,-9.221848749616356,ki,1d4k
1d4l_PI9_A_201_ligand_refined.sdf,1d4l_PI9_A_201_protein_refined.pdb,2000,-8.769551078621726,ki,1d4l
1d4p_BPP_B_400_ligand_refined.sdf,1d4p_BPP_B_400_protein_refined.pdb,1999,-6.301029995663981,kd,1d4p
1d4s_TPV_A_201_ligand_refined.sdf,1d4s_TPV_A_201_protein_refined.pdb,1999,-11.096910013008056,ki,1d4s
1d4y_TPV_A_501_ligand_refined.sdf,1d4y_TPV_A_501_protein_refined.pdb,1999,-11.096910013008056,ki,1d4y
1d6h_COA_A_390_ligand_refined.sdf,1d6h_COA_A_390_protein_refined.pdb,2000,-6.892790030352131,kd,1d6h
1d6v_HOP_H_401_ligand_refined.sdf,1d6v_HOP_H_401_protein_refined.pdb,2000,-6.173925197299173,kd,1d6v
1d6w_00R_A_380_ligand_refined.sdf,1d6w_00R_A_380_protein_refined.pdb,2000,-5.958607314841775,ki,1d6w
1d7i_DSS_B_302_ligand_refined.sdf,1d7i_DSS_B_302_protein_refined.pdb,1999,-3.6020599913279625,kd,1d7i
1d7i_DSS_A_301_ligand_refined.sdf,1d7i_DSS_A_301_protein_refined.pdb,1999,-3.6020599913279625,kd,1d7i
1d7j_BUQ_B_321_ligand_refined.sdf,1d7j_BUQ_B_321_protein_refined.pdb,1999,-3.3010299956639813,kd,1d7j
1d7j_BUQ_A_311_ligand_refined.sdf,1d7j_BUQ_A_311_protein_refined.pdb,1999,-3.3010299956639813,kd,1d7j
1d7x_SPC_A_401_ligand_refined.sdf,1d7x_SPC_A_401_protein_refined.pdb,2000,-7.721246399047171,ic50,1d7x
1d7x_SPC_B_901_ligand_refined.sdf,1d7x_SPC_B_901_protein_refined.pdb,2000,-7.721246399047171,ic50,1d7x
1d8a_TCL_A_502_ligand_refined.sdf,1d8a_TCL_A_502_protein_refined.pdb,1999,-6.366531544420413,ic50,1d8a
1d8a_TCL_B_504_ligand_refined.sdf,1d8a_TCL_B_504_protein_refined.pdb,1999,-6.366531544420413,ic50,1d8a
1d8f_SPI_B_901_ligand_refined.sdf,1d8f_SPI_B_901_protein_refined.pdb,2000,-7.744727494896693,ic50,1d8f
1d8m_BBH_B_901_ligand_refined.sdf,1d8m_BBH_B_901_protein_refined.pdb,2000,-8.508638306165727,ic50,1d8m
1d9i_00P_A_380_ligand_refined.sdf,1d9i_00P_A_380_protein_refined.pdb,2000,-9.10790539730952,ki,1d9i
1daj_MOT_A_208_ligand_refined.sdf,1daj_MOT_A_208_protein_refined.pdb,1997,-8.187086643357144,ki,1daj
1dar_GDP_A_692_ligand_refined.sdf,1dar_GDP_A_692_protein_refined.pdb,1996,-4.958607314841775,kd,1dar
1db1_VDX_A_428_ligand_refined.sdf,1db1_VDX_A_428_protein_refined.pdb,2000,-9.259637310505756,kd,1db1
1db4_8IN_A_200_ligand_refined.sdf,1db4_8IN_A_200_protein_refined.pdb,1999,-7.244125144327507,ic50,1db4
1db5_6IN_A_200_ligand_refined.sdf,1db5_6IN_A_200_protein_refined.pdb,1999,-4.161150909262744,ic50,1db5
1dbt_U5P_A_250_ligand_refined.sdf,1dbt_U5P_A_250_protein_refined.pdb,2000,-3.3372421683184257,ki,1dbt
1dbt_U5P_B_251_ligand_refined.sdf,1dbt_U5P_B_251_protein_refined.pdb,2000,-3.3372421683184257,ki,1dbt
1dbt_U5P_C_252_ligand_refined.sdf,1dbt_U5P_C_252_protein_refined.pdb,2000,-3.3372421683184257,ki,1dbt
1dcy_I3N_A_1201_ligand_refined.sdf,1dcy_I3N_A_1201_protein_refined.pdb,1999,-4.866461091629782,ic50,1dcy
1ddr_MTX_B_200_ligand_refined.sdf,1ddr_MTX_B_200_protein_refined.pdb,1995,-8.05551732784983,ic50,1ddr
1ddr_MTX_A_200_ligand_refined.sdf,1ddr_MTX_A_200_protein_refined.pdb,1995,-8.05551732784983,ic50,1ddr
1dds_MTX_B_201_ligand_refined.sdf,1dds_MTX_B_201_protein_refined.pdb,1995,-8.05551732784983,ic50,1dds
1dds_MTX_A_201_ligand_refined.sdf,1dds_MTX_A_201_protein_refined.pdb,1995,-8.05551732784983,ic50,1dds
1det_2GP_A_105_ligand_refined.sdf,1det_2GP_A_105_protein_refined.pdb,1996,-4.301029995663981,kd,1det
1df1_ITU_A_899_ligand_refined.sdf,1df1_ITU_A_899_protein_refined.pdb,1999,-8.2839966563652,ki,1df1
1df1_ITU_B_1899_ligand_refined.sdf,1df1_ITU_B_1899_protein_refined.pdb,1999,-8.2839966563652,ki,1df1
1df7_MTX_A_501_ligand_refined.sdf,1df7_MTX_A_501_protein_refined.pdb,2000,-7.958607314841775,ki,1df7
1df8_BTN_B_202_ligand_refined.sdf,1df8_BTN_B_202_protein_refined.pdb,2000,-9.69897000433602,kd,1df8
1df8_BTN_A_201_ligand_refined.sdf,1df8_BTN_A_201_protein_refined.pdb,2000,-9.69897000433602,kd,1df8
1dg5_TOP_A_201_ligand_refined.sdf,1dg5_TOP_A_201_protein_refined.pdb,2000,-4.055517327849831,ki,1dg5
1dg7_WRB_A_200_ligand_refined.sdf,1dg7_WRB_A_200_protein_refined.pdb,2000,-6.7281583934635005,ki,1dg7
1dgm_ADN_A_375_ligand_refined.sdf,1dgm_ADN_A_375_protein_refined.pdb,2000,-5.050609993355087,ki,1dgm
1dhf_FOL_A_187_ligand_refined.sdf,1dhf_FOL_A_187_protein_refined.pdb,1990,-6.954677021213342,kd,1dhf
1dhf_FOL_B_187_ligand_refined.sdf,1dhf_FOL_B_187_protein_refined.pdb,1990,-6.954677021213342,kd,1dhf
1dhi_MTX_B_361_ligand_refined.sdf,1dhi_MTX_B_361_protein_refined.pdb,1994,-7.259637310505756,kd,1dhi
1dhi_MTX_A_161_ligand_refined.sdf,1dhi_MTX_A_161_protein_refined.pdb,1994,-7.259637310505756,kd,1dhi
1dhj_MTX_A_161_ligand_refined.sdf,1dhj_MTX_A_161_protein_refined.pdb,1994,-6.55129368009492,kd,1dhj
1dhj_MTX_B_361_ligand_refined.sdf,1dhj_MTX_B_361_protein_refined.pdb,1994,-6.55129368009492,kd,1dhj
1di8_DTQ_A_500_ligand_refined.sdf,1di8_DTQ_A_500_protein_refined.pdb,2000,-6.0,ic50,1di8
1dia_L24_A_3001_ligand_refined.sdf,1dia_L24_A_3001_protein_refined.pdb,2000,-3.3419886033428874,ki,1dia
1dib_L34_A_3001_ligand_refined.sdf,1dib_L34_A_3001_protein_refined.pdb,2000,-7.017728766960431,ic50,1dib
1dif_A85_B_101_ligand_refined.sdf,1dif_A85_B_101_protein_refined.pdb,1996,-10.657577319177792,ki,1dif
1dig_L37_A_3001_ligand_refined.sdf,1dig_L37_A_3001_protein_refined.pdb,2000,-3.3655227298392685,ki,1dig
1dih_NDP_A_301_ligand_refined.sdf,1dih_NDP_A_301_protein_refined.pdb,1995,-5.673664139071248,kd,1dih
1djx_I3P_A_1_ligand_refined.sdf,1djx_I3P_A_1_protein_refined.pdb,1997,-5.769551078621726,kd,1djx
1djx_I3P_B_1_ligand_refined.sdf,1djx_I3P_B_1_protein_refined.pdb,1997,-5.769551078621726,kd,1djx
1dl7_NCH_L_999_ligand_refined.sdf,1dl7_NCH_L_999_protein_refined.pdb,2000,-6.494850021680094,kd,1dl7
1dlr_MXA_A_188_ligand_refined.sdf,1dlr_MXA_A_188_protein_refined.pdb,1995,-7.785156151952302,ki,1dlr
1dls_MTX_A_188_ligand_refined.sdf,1dls_MTX_A_188_protein_refined.pdb,1995,-7.962573502059376,ki,1dls
1dmp_DMQ_B_450_ligand_refined.sdf,1dmp_DMQ_B_450_protein_refined.pdb,1997,-9.55284196865778,ki,1dmp
1dmt_RDF_A_750_ligand_refined.sdf,1dmt_RDF_A_750_protein_refined.pdb,2000,-7.522878745280337,ic50,1dmt
1dmy_AZM_A_400_ligand_refined.sdf,1dmy_AZM_A_400_protein_refined.pdb,1996,-7.221848749616356,ki,1dmy
1dmy_AZM_B_900_ligand_refined.sdf,1dmy_AZM_B_900_protein_refined.pdb,1996,-7.221848749616356,ki,1dmy
1dog_NOJ_A_496_ligand_refined.sdf,1dog_NOJ_A_496_protein_refined.pdb,1994,-4.017728766960431,ki,1dog
1dog_NOJ_A_495_ligand_refined.sdf,1dog_NOJ_A_495_protein_refined.pdb,1994,-4.017728766960431,ki,1dog
1doh_NID_A_502_ligand_refined.sdf,1doh_NID_A_502_protein_refined.pdb,2001,-8.619788758288394,ki,1doh
1doh_NID_B_503_ligand_refined.sdf,1doh_NID_B_503_protein_refined.pdb,2001,-8.619788758288394,ki,1doh
1dq8_MAH_D_203_ligand_refined.sdf,1dq8_MAH_D_203_protein_refined.pdb,2000,-7.628932137728263,ki,1dq8
1dq8_MAH_A_200_ligand_refined.sdf,1dq8_MAH_A_200_protein_refined.pdb,2000,-7.628932137728263,ki,1dq8
1dq8_MAH_B_201_ligand_refined.sdf,1dq8_MAH_B_201_protein_refined.pdb,2000,-7.628932137728263,ki,1dq8
1dq8_MAH_D_202_ligand_refined.sdf,1dq8_MAH_D_202_protein_refined.pdb,2000,-7.628932137728263,ki,1dq8
1dqa_MAH_A_201_ligand_refined.sdf,1dqa_MAH_A_201_protein_refined.pdb,2000,-7.628932137728263,ki,1dqa
1dqa_MAH_B_202_ligand_refined.sdf,1dqa_MAH_B_202_protein_refined.pdb,2000,-7.628932137728263,ki,1dqa
1dqa_MAH_C_204_ligand_refined.sdf,1dqa_MAH_C_204_protein_refined.pdb,2000,-7.628932137728263,ki,1dqa
1dqa_MAH_D_203_ligand_refined.sdf,1dqa_MAH_D_203_protein_refined.pdb,2000,-7.628932137728263,ki,1dqa
1dqn_IMU_A_300_ligand_refined.sdf,1dqn_IMU_A_300_protein_refined.pdb,2000,-8.0,ki,1dqn
1dqn_IMU_B_301_ligand_refined.sdf,1dqn_IMU_B_301_protein_refined.pdb,2000,-8.0,ki,1dqn
1dqr_6PG_A_600_ligand_refined.sdf,1dqr_6PG_A_600_protein_refined.pdb,2000,-4.366531544420413,ki,1dqr
1dqr_6PG_B_601_ligand_refined.sdf,1dqr_6PG_B_601_protein_refined.pdb,2000,-4.366531544420413,ki,1dqr
1dqx_BMP_C_603_ligand_refined.sdf,1dqx_BMP_C_603_protein_refined.pdb,2000,-11.045757490560677,ki,1dqx
1dqx_BMP_A_601_ligand_refined.sdf,1dqx_BMP_A_601_protein_refined.pdb,2000,-11.045757490560677,ki,1dqx
1dqx_BMP_D_604_ligand_refined.sdf,1dqx_BMP_D_604_protein_refined.pdb,2000,-11.045757490560677,ki,1dqx
1dqx_BMP_B_602_ligand_refined.sdf,1dqx_BMP_B_602_protein_refined.pdb,2000,-11.045757490560677,ki,1dqx
1dra_MTX_A_161_ligand_refined.sdf,1dra_MTX_A_161_protein_refined.pdb,1994,-8.05551732784983,ic50,1dra
1dra_MTX_B_361_ligand_refined.sdf,1dra_MTX_B_361_protein_refined.pdb,1994,-8.05551732784983,ic50,1dra
1drb_MTX_B_361_ligand_refined.sdf,1drb_MTX_B_361_protein_refined.pdb,1994,-8.05551732784983,ic50,1drb
1drb_MTX_A_161_ligand_refined.sdf,1drb_MTX_A_161_protein_refined.pdb,1994,-8.05551732784983,ic50,1drb
1dre_MTX_A_161_ligand_refined.sdf,1dre_MTX_A_161_protein_refined.pdb,1997,-8.05551732784983,ic50,1dre
1drf_FOL_A_187_ligand_refined.sdf,1drf_FOL_A_187_protein_refined.pdb,1992,-6.954677021213342,kd,1drf
1drh_NAP_A_164_ligand_refined.sdf,1drh_NAP_A_164_protein_refined.pdb,1995,-4.619788758288394,kd,1drh
1drj_RIP_A_272_ligand_refined.sdf,1drj_RIP_A_272_protein_refined.pdb,1995,-7.397940008672037,kd,1drj
1drk_RIP_A_272_ligand_refined.sdf,1drk_RIP_A_272_protein_refined.pdb,1995,-6.823908740944319,kd,1drk
1drv_A3D_A_301_ligand_refined.sdf,1drv_A3D_A_301_protein_refined.pdb,1997,-6.537602002101044,kd,1drv
1dth_BAT_A_972_ligand_refined.sdf,1dth_BAT_A_972_protein_refined.pdb,1997,-8.221848749616356,ic50,1dth
1dth_BAT_B_973_ligand_refined.sdf,1dth_BAT_B_973_protein_refined.pdb,1997,-8.221848749616356,ic50,1dth
1dub_CAA_E_300_ligand_refined.sdf,1dub_CAA_E_300_protein_refined.pdb,1997,-5.795880017344075,ki,1dub
1dub_CAA_A_300_ligand_refined.sdf,1dub_CAA_A_300_protein_refined.pdb,1997,-5.795880017344075,ki,1dub
1dub_CAA_B_300_ligand_refined.sdf,1dub_CAA_B_300_protein_refined.pdb,1997,-5.795880017344075,ki,1dub
1dub_CAA_C_300_ligand_refined.sdf,1dub_CAA_C_300_protein_refined.pdb,1997,-5.795880017344075,ki,1dub
1dub_CAA_F_300_ligand_refined.sdf,1dub_CAA_F_300_protein_refined.pdb,1997,-5.795880017344075,ki,1dub
1dud_DUD_A_153_ligand_refined.sdf,1dud_DUD_A_153_protein_refined.pdb,1996,-4.823908740944319,ki,1dud
1duv_PSQ_G_401_ligand_refined.sdf,1duv_PSQ_G_401_protein_refined.pdb,2000,-11.795880017344077,kd,1duv
1duv_PSQ_H_402_ligand_refined.sdf,1duv_PSQ_H_402_protein_refined.pdb,2000,-11.795880017344077,kd,1duv
1duv_PSQ_I_403_ligand_refined.sdf,1duv_PSQ_I_403_protein_refined.pdb,2000,-11.795880017344077,kd,1duv
1dvj_UP6_B_5002_ligand_refined.sdf,1dvj_UP6_B_5002_protein_refined.pdb,2000,-3.292429823902064,ki,1dvj
1dvj_UP6_C_5003_ligand_refined.sdf,1dvj_UP6_C_5003_protein_refined.pdb,2000,-3.292429823902064,ki,1dvj
1dvj_UP6_D_5004_ligand_refined.sdf,1dvj_UP6_D_5004_protein_refined.pdb,2000,-3.292429823902064,ki,1dvj
1dvj_UP6_A_5001_ligand_refined.sdf,1dvj_UP6_A_5001_protein_refined.pdb,2000,-3.292429823902064,ki,1dvj
1dvs_STL_A_125_ligand_refined.sdf,1dvs_STL_A_125_protein_refined.pdb,2001,-6.327902142064282,kd,1dvs
1dvx_DIF_B_125_ligand_refined.sdf,1dvx_DIF_B_125_protein_refined.pdb,2001,-6.0,kd,1dvx
1dvz_OFL_A_125_ligand_refined.sdf,1dvz_OFL_A_125_protein_refined.pdb,2001,-7.107905397309519,kd,1dvz
1dwd_MID_H_1_ligand_refined.sdf,1dwd_MID_H_1_protein_refined.pdb,1994,-8.221848749616356,ki,1dwd
1dx6_GNT_A_602_ligand_refined.sdf,1dx6_GNT_A_602_protein_refined.pdb,2000,-6.185752404268079,ic50,1dx6
1dy4_SNP_A_437_ligand_refined.sdf,1dy4_SNP_A_437_protein_refined.pdb,2000,-4.356547323513812,ki,1dy4
1dyr_TOP_A_407_ligand_refined.sdf,1dyr_TOP_A_407_protein_refined.pdb,1995,-4.698970004336019,ic50,1dyr
1dzk_PRZ_A_700_ligand_refined.sdf,1dzk_PRZ_A_700_protein_refined.pdb,2000,-6.096910013008056,kd,1dzk
1dzm_BZM_A_600_ligand_refined.sdf,1dzm_BZM_A_600_protein_refined.pdb,2000,-5.4089353929735005,ic50,1dzm
1dzm_BZM_B_600_ligand_refined.sdf,1dzm_BZM_B_600_protein_refined.pdb,2000,-5.4089353929735005,ic50,1dzm
1dzp_BZQ_B_600_ligand_refined.sdf,1dzp_BZQ_B_600_protein_refined.pdb,2000,-5.443697499232712,ic50,1dzp
1dzp_BZQ_A_600_ligand_refined.sdf,1dzp_BZQ_A_600_protein_refined.pdb,2000,-5.443697499232712,ic50,1dzp
1e00_DHM_A_600_ligand_refined.sdf,1e00_DHM_A_600_protein_refined.pdb,2000,-6.096910013008056,ic50,1e00
1e00_DHM_B_600_ligand_refined.sdf,1e00_DHM_B_600_protein_refined.pdb,2000,-6.096910013008056,ic50,1e00
1e02_UNA_A_600_ligand_refined.sdf,1e02_UNA_A_600_protein_refined.pdb,2000,-6.154901959985743,ic50,1e02
1e02_UNA_B_600_ligand_refined.sdf,1e02_UNA_B_600_protein_refined.pdb,2000,-6.154901959985743,ic50,1e02
1e06_IPB_B_600_ligand_refined.sdf,1e06_IPB_B_600_protein_refined.pdb,2000,-5.6020599913279625,ic50,1e06
1e06_IPB_A_600_ligand_refined.sdf,1e06_IPB_A_600_protein_refined.pdb,2000,-5.6020599913279625,ic50,1e06
1e1v_CMG_A_401_ligand_refined.sdf,1e1v_CMG_A_401_protein_refined.pdb,2001,-4.920818753952375,ki,1e1v
1e1x_NW1_A_401_ligand_refined.sdf,1e1x_NW1_A_401_protein_refined.pdb,2001,-5.886056647693163,ki,1e1x
1e1y_CPB_A_940_ligand_refined.sdf,1e1y_CPB_A_940_protein_refined.pdb,2000,-5.6020599913279625,ic50,1e1y
1e2k_TMC_A_500_ligand_refined.sdf,1e2k_TMC_A_500_protein_refined.pdb,2000,-4.943095148663527,ki,1e2k
1e2k_TMC_B_500_ligand_refined.sdf,1e2k_TMC_B_500_protein_refined.pdb,2000,-4.943095148663527,ki,1e2k
1e2l_TMC_B_500_ligand_refined.sdf,1e2l_TMC_B_500_protein_refined.pdb,2000,-4.288192770958809,ki,1e2l
1e2l_TMC_A_500_ligand_refined.sdf,1e2l_TMC_A_500_protein_refined.pdb,2000,-4.288192770958809,ki,1e2l
1e2n_RCA_A_500_ligand_refined.sdf,1e2n_RCA_A_500_protein_refined.pdb,2001,-4.510041520575165,ki,1e2n
1e2n_RCA_B_500_ligand_refined.sdf,1e2n_RCA_B_500_protein_refined.pdb,2001,-4.510041520575165,ki,1e2n
1e2p_CCV_A_500_ligand_refined.sdf,1e2p_CCV_A_500_protein_refined.pdb,2001,-4.568636235841012,ki,1e2p
1e2p_CCV_B_500_ligand_refined.sdf,1e2p_CCV_B_500_protein_refined.pdb,2001,-4.568636235841012,ki,1e2p
1e3g_R18_A_1000_ligand_refined.sdf,1e3g_R18_A_1000_protein_refined.pdb,2001,-9.00436480540245,kd,1e3g
1e3k_R18_A_1000_ligand_refined.sdf,1e3k_R18_A_1000_protein_refined.pdb,2001,-9.309803919971486,ki,1e3k
1e3k_R18_B_1000_ligand_refined.sdf,1e3k_R18_B_1000_protein_refined.pdb,2001,-9.309803919971486,ki,1e3k
1e3v_DXC_A_801_ligand_refined.sdf,1e3v_DXC_A_801_protein_refined.pdb,2001,-4.33970383972927,kd,1e3v
1e3v_DXC_B_801_ligand_refined.sdf,1e3v_DXC_B_801_protein_refined.pdb,2001,-4.33970383972927,kd,1e3v
1e4h_PBR_A_998_ligand_refined.sdf,1e4h_PBR_A_998_protein_refined.pdb,2000,-8.4089353929735,kd,1e4h
1e4h_PBR_B_999_ligand_refined.sdf,1e4h_PBR_B_999_protein_refined.pdb,2000,-8.4089353929735,kd,1e4h
1e4x_VAL-ASP_Q_1-7_ligand_refined.sdf,1e4x_VAL-ASP_Q_1-7_protein_refined.pdb,2001,-7.602059991327962,kd,1e4x
1e4x_VAL-ASP_P_1-7_ligand_refined.sdf,1e4x_VAL-ASP_P_1-7_protein_refined.pdb,2001,-7.602059991327962,kd,1e4x
1e5a_TBP_A_999_ligand_refined.sdf,1e5a_TBP_A_999_protein_refined.pdb,2000,-7.638272163982407,kd,1e5a
1e5a_TBP_B_999_ligand_refined.sdf,1e5a_TBP_B_999_protein_refined.pdb,2000,-7.638272163982407,kd,1e5a
1e66_HUX_A_803_ligand_refined.sdf,1e66_HUX_A_803_protein_refined.pdb,2001,-9.886056647693165,ki,1e66
1e6q_NTZ_M_999_ligand_refined.sdf,1e6q_NTZ_M_999_protein_refined.pdb,2001,-3.154901959985743,ki,1e6q
1e6s_GOX_M_921_ligand_refined.sdf,1e6s_GOX_M_921_protein_refined.pdb,2000,-3.221848749616356,ki,1e6s
1e72_GOX_M_999_ligand_refined.sdf,1e72_GOX_M_999_protein_refined.pdb,2001,-3.221848749616356,ki,1e72
1e7b_HLT_A_4001_ligand_refined.sdf,1e7b_HLT_A_4001_protein_refined.pdb,2001,-2.5376020021010435,ic50,1e7b
1e7b_HLT_B_4001_ligand_refined.sdf,1e7b_HLT_B_4001_protein_refined.pdb,2001,-2.5376020021010435,ic50,1e7b
1e7c_HLT_A_4001_ligand_refined.sdf,1e7c_HLT_A_4001_protein_refined.pdb,2001,-2.5376020021010435,ic50,1e7c
1e7w_MTX_A_301_ligand_refined.sdf,1e7w_MTX_A_301_protein_refined.pdb,2001,-6.7447274948966935,ki,1e7w
1e7w_MTX_B_301_ligand_refined.sdf,1e7w_MTX_B_301_protein_refined.pdb,2001,-6.7447274948966935,ki,1e7w
1e8g_FAD_A_600_ligand_refined.sdf,1e8g_FAD_A_600_protein_refined.pdb,2000,-5.7447274948966935,kd,1e8g
1e8g_FAD_B_600_ligand_refined.sdf,1e8g_FAD_B_600_protein_refined.pdb,2000,-5.7447274948966935,kd,1e8g
1e96_GTP_A_200_ligand_refined.sdf,1e96_GTP_A_200_protein_refined.pdb,2000,-5.568636235841012,kd,1e96
1e9h_INR_A_1298_ligand_refined.sdf,1e9h_INR_A_1298_protein_refined.pdb,2001,-7.455931955649724,ic50,1e9h
1e9h_INR_C_1298_ligand_refined.sdf,1e9h_INR_C_1298_protein_refined.pdb,2001,-7.455931955649724,ic50,1e9h
1eb2_BPO_A_1248_ligand_refined.sdf,1eb2_BPO_A_1248_protein_refined.pdb,2002,-7.795880017344075,ki,1eb2
1ebg_PAH_A_440_ligand_refined.sdf,1ebg_PAH_A_440_protein_refined.pdb,1995,-10.82390874094432,ki,1ebg
1ebg_PAH_B_440_ligand_refined.sdf,1ebg_PAH_B_440_protein_refined.pdb,1995,-10.82390874094432,ki,1ebg
1ebw_BEI_A_501_ligand_refined.sdf,1ebw_BEI_A_501_protein_refined.pdb,2002,-9.045757490560677,ki,1ebw
1eby_BEB_B_501_ligand_refined.sdf,1eby_BEB_B_501_protein_refined.pdb,2002,-9.69897000433602,ki,1eby
1ebz_BEC_B_501_ligand_refined.sdf,1ebz_BEC_B_501_protein_refined.pdb,2002,-9.397940008672036,ki,1ebz
1ec0_BED_A_501_ligand_refined.sdf,1ec0_BED_A_501_protein_refined.pdb,2002,-8.494850021680094,ki,1ec0
1ec1_BEE_A_501_ligand_refined.sdf,1ec1_BEE_A_501_protein_refined.pdb,2002,-8.920818753952375,ki,1ec1
1ec2_BEJ_B_501_ligand_refined.sdf,1ec2_BEJ_B_501_protein_refined.pdb,2002,-10.0,ki,1ec2
1ec3_MS3_A_501_ligand_refined.sdf,1ec3_MS3_A_501_protein_refined.pdb,2002,-9.036212172654444,ki,1ec3
1ecm_TSA_A_500_ligand_refined.sdf,1ecm_TSA_A_500_protein_refined.pdb,1995,-5.552841968657781,kd,1ecm
1ecm_TSA_B_501_ligand_refined.sdf,1ecm_TSA_B_501_protein_refined.pdb,1995,-5.552841968657781,kd,1ecm
1ecq_DXG_A_499_ligand_refined.sdf,1ecq_DXG_A_499_protein_refined.pdb,2000,-3.0,ki,1ecq
1ecq_DXG_B_500_ligand_refined.sdf,1ecq_DXG_B_500_protein_refined.pdb,2000,-3.0,ki,1ecq
1ecq_DXG_C_501_ligand_refined.sdf,1ecq_DXG_C_501_protein_refined.pdb,2000,-3.0,ki,1ecq
1ecq_DXG_D_502_ligand_refined.sdf,1ecq_DXG_D_502_protein_refined.pdb,2000,-3.0,ki,1ecq
1ecv_878_A_301_ligand_refined.sdf,1ecv_878_A_301_protein_refined.pdb,2000,-4.853871964321762,ki,1ecv
1ed4_IPU_B_1840_ligand_refined.sdf,1ed4_IPU_B_1840_protein_refined.pdb,2000,-7.657577319177793,ki,1ed4
1ed4_IPU_A_1830_ligand_refined.sdf,1ed4_IPU_A_1830_protein_refined.pdb,2000,-7.657577319177793,ki,1ed4
1ed4_IPU_A_2840_ligand_refined.sdf,1ed4_IPU_A_2840_protein_refined.pdb,2000,-7.657577319177793,ki,1ed4
1ed4_IPU_B_2830_ligand_refined.sdf,1ed4_IPU_B_2830_protein_refined.pdb,2000,-7.657577319177793,ki,1ed4
1ed5_NRG_A_1705_ligand_refined.sdf,1ed5_NRG_A_1705_protein_refined.pdb,2001,-6.1249387366083,ki,1ed5
1ed5_NRG_B_2705_ligand_refined.sdf,1ed5_NRG_B_2705_protein_refined.pdb,2001,-6.1249387366083,ki,1ed5
1eed_0EO_P_327_ligand_refined.sdf,1eed_0EO_P_327_protein_refined.pdb,1994,-4.790484985457369,ki,1eed
1eei_GAA_G_507_ligand_refined.sdf,1eei_GAA_G_507_protein_refined.pdb,2000,-3.154901959985743,ic50,1eei
1eei_GAA_D_504_ligand_refined.sdf,1eei_GAA_D_504_protein_refined.pdb,2000,-3.154901959985743,ic50,1eei
1eei_GAA_E_505_ligand_refined.sdf,1eei_GAA_E_505_protein_refined.pdb,2000,-3.154901959985743,ic50,1eei
1eei_GAA_F_506_ligand_refined.sdf,1eei_GAA_F_506_protein_refined.pdb,2000,-3.154901959985743,ic50,1eei
1eei_GAA_H_508_ligand_refined.sdf,1eei_GAA_H_508_protein_refined.pdb,2000,-3.154901959985743,ic50,1eei
1ef3_FID_B_350_ligand_refined.sdf,1ef3_FID_B_350_protein_refined.pdb,2001,-7.795880017344075,kd,1ef3
1ef3_FID_A_340_ligand_refined.sdf,1ef3_FID_A_340_protein_refined.pdb,2001,-7.795880017344075,kd,1ef3
1efi_GAT_D_104_ligand_refined.sdf,1efi_GAT_D_104_protein_refined.pdb,2000,-1.9208187539523751,ic50,1efi
1efi_GAT_E_105_ligand_refined.sdf,1efi_GAT_E_105_protein_refined.pdb,2000,-1.9208187539523751,ic50,1efi
1efi_GAT_F_106_ligand_refined.sdf,1efi_GAT_F_106_protein_refined.pdb,2000,-1.9208187539523751,ic50,1efi
1efi_GAT_G_107_ligand_refined.sdf,1efi_GAT_G_107_protein_refined.pdb,2000,-1.9208187539523751,ic50,1efi
1efi_GAT_H_108_ligand_refined.sdf,1efi_GAT_H_108_protein_refined.pdb,2000,-1.9208187539523751,ic50,1efi
1efy_BZC_A_201_ligand_refined.sdf,1efy_BZC_A_201_protein_refined.pdb,2001,-8.221848749616356,ki,1efy
1egh_PGA_E_241_ligand_refined.sdf,1egh_PGA_E_241_protein_refined.pdb,2000,-5.698970004336019,ki,1egh
1egh_PGA_F_251_ligand_refined.sdf,1egh_PGA_F_251_protein_refined.pdb,2000,-5.698970004336019,ki,1egh
1egh_PGA_D_231_ligand_refined.sdf,1egh_PGA_D_231_protein_refined.pdb,2000,-5.698970004336019,ki,1egh
1egh_PGA_B_211_ligand_refined.sdf,1egh_PGA_B_211_protein_refined.pdb,2000,-5.698970004336019,ki,1egh
1egh_PGA_A_201_ligand_refined.sdf,1egh_PGA_A_201_protein_refined.pdb,2000,-5.698970004336019,ki,1egh
1egh_PGA_C_221_ligand_refined.sdf,1egh_PGA_C_221_protein_refined.pdb,2000,-5.698970004336019,ki,1egh
1eix_BMQ_D_1304_ligand_refined.sdf,1eix_BMQ_D_1304_protein_refined.pdb,2000,-11.05551732784983,ki,1eix
1eix_BMQ_A_1301_ligand_refined.sdf,1eix_BMQ_A_1301_protein_refined.pdb,2000,-11.05551732784983,ki,1eix
1eix_BMQ_B_1302_ligand_refined.sdf,1eix_BMQ_B_1302_protein_refined.pdb,2000,-11.05551732784983,ki,1eix
1eix_BMQ_C_1303_ligand_refined.sdf,1eix_BMQ_C_1303_protein_refined.pdb,2000,-11.05551732784983,ki,1eix
1ejn_AGB_A_800_ligand_refined.sdf,1ejn_AGB_A_800_protein_refined.pdb,2000,-5.619788758288394,ki,1ejn
1ek2_CDU_A_1100_ligand_refined.sdf,1ek2_CDU_A_1100_protein_refined.pdb,2000,-7.301029995663981,ic50,1ek2
1ek2_CDU_B_1200_ligand_refined.sdf,1ek2_CDU_B_1200_protein_refined.pdb,2000,-7.301029995663981,ic50,1ek2
1el3_I84_A_320_ligand_refined.sdf,1el3_I84_A_320_protein_refined.pdb,2000,-6.96657624451305,ic50,1el3
1el5_DMG_A_801_ligand_refined.sdf,1el5_DMG_A_801_protein_refined.pdb,2000,-1.7594507517174005,kd,1el5
1el5_DMG_B_811_ligand_refined.sdf,1el5_DMG_B_811_protein_refined.pdb,2000,-1.7594507517174005,kd,1el5
1el9_MTG_B_811_ligand_refined.sdf,1el9_MTG_B_811_protein_refined.pdb,2000,-2.585026652029182,kd,1el9
1el9_MTG_A_801_ligand_refined.sdf,1el9_MTG_A_801_protein_refined.pdb,2000,-2.585026652029182,kd,1el9
1ela_0Z1_A_256_ligand_refined.sdf,1ela_0Z1_A_256_protein_refined.pdb,1994,-6.356547323513812,ki,1ela
1elb_0Z4_A_256_ligand_refined.sdf,1elb_0Z4_A_256_protein_refined.pdb,1994,-7.154901959985743,ki,1elb
1eld_0Z0_E_256_ligand_refined.sdf,1eld_0Z0_E_256_protein_refined.pdb,1995,-6.698970004336019,ki,1eld
1ele_0QN_E_256_ligand_refined.sdf,1ele_0QN_E_256_protein_refined.pdb,1995,-6.853871964321762,ki,1ele
1eli_PYC_A_801_ligand_refined.sdf,1eli_PYC_A_801_protein_refined.pdb,2000,-2.8632794328435933,kd,1eli
1eli_PYC_B_815_ligand_refined.sdf,1eli_PYC_B_815_protein_refined.pdb,2000,-2.8632794328435933,kd,1eli
1eli_PYC_B_811_ligand_refined.sdf,1eli_PYC_B_811_protein_refined.pdb,2000,-2.8632794328435933,kd,1eli
1elr_ACE-ASP_B_0-5_ligand_refined.sdf,1elr_ACE-ASP_B_0-5_protein_refined.pdb,2000,-4.958607314841775,kd,1elr
1els_PAH_A_439_ligand_refined.sdf,1els_PAH_A_439_protein_refined.pdb,1994,-10.82390874094432,ki,1els
1elw_GLY-ASP_D_5-12_ligand_refined.sdf,1elw_GLY-ASP_D_5-12_protein_refined.pdb,2000,-4.795880017344075,kd,1elw
1elw_GLY-ASP_C_5-12_ligand_refined.sdf,1elw_GLY-ASP_C_5-12_protein_refined.pdb,2000,-4.795880017344075,kd,1elw
1em6_CP4_A_862_ligand_refined.sdf,1em6_CP4_A_862_protein_refined.pdb,2000,-8.221848749616356,ic50,1em6
1ent_0EM_E_822_ligand_refined.sdf,1ent_0EM_E_822_protein_refined.pdb,1994,-6.958607314841775,ki,1ent
1enu_APZ_A_400_ligand_refined.sdf,1enu_APZ_A_400_protein_refined.pdb,2000,-5.080921907623926,ki,1enu
1eoc_4NC_B_999_ligand_refined.sdf,1eoc_4NC_B_999_protein_refined.pdb,2000,-6.045757490560675,ki,1eoc
1eou_SMS_A_301_ligand_refined.sdf,1eou_SMS_A_301_protein_refined.pdb,2002,-7.443697499232712,ic50,1eou
1ep4_S11_A_999_ligand_refined.sdf,1ep4_S11_A_999_protein_refined.pdb,2000,-7.327902142064282,ic50,1ep4
1epo_2Z3_E_327_ligand_refined.sdf,1epo_2Z3_E_327_protein_refined.pdb,1994,-7.958607314841775,ki,1epo
1epp_1Z1_E_333_ligand_refined.sdf,1epp_1Z1_E_333_protein_refined.pdb,1994,-7.161150909262744,ki,1epp
1eqg_IBP_A_701_ligand_refined.sdf,1eqg_IBP_A_701_protein_refined.pdb,2001,-5.045757490560675,ki,1eqg
1eqg_IBP_B_1701_ligand_refined.sdf,1eqg_IBP_B_1701_protein_refined.pdb,2001,-5.045757490560675,ki,1eqg
1eqh_FLP_A_701_ligand_refined.sdf,1eqh_FLP_A_701_protein_refined.pdb,2001,-6.0,ki,1eqh
1eqh_FLP_B_1701_ligand_refined.sdf,1eqh_FLP_B_1701_protein_refined.pdb,2001,-6.0,ki,1eqh
1erb_ETR_A_184_ligand_refined.sdf,1erb_ETR_A_184_protein_refined.pdb,1994,-8.096910013008056,kd,1erb
1ere_EST_E_600_ligand_refined.sdf,1ere_EST_E_600_protein_refined.pdb,1998,-9.69897000433602,kd,1ere
1ere_EST_D_600_ligand_refined.sdf,1ere_EST_D_600_protein_refined.pdb,1998,-9.69897000433602,kd,1ere
1ere_EST_C_600_ligand_refined.sdf,1ere_EST_C_600_protein_refined.pdb,1998,-9.69897000433602,kd,1ere
1ere_EST_F_600_ligand_refined.sdf,1ere_EST_F_600_protein_refined.pdb,1998,-9.69897000433602,kd,1ere
1ere_EST_A_600_ligand_refined.sdf,1ere_EST_A_600_protein_refined.pdb,1998,-9.69897000433602,kd,1ere
1ere_EST_B_600_ligand_refined.sdf,1ere_EST_B_600_protein_refined.pdb,1998,-9.69897000433602,kd,1ere
1err_RAL_A_600_ligand_refined.sdf,1err_RAL_A_600_protein_refined.pdb,1998,-9.431798275933003,ki,1err
1err_RAL_B_600_ligand_refined.sdf,1err_RAL_B_600_protein_refined.pdb,1998,-9.431798275933003,ki,1err
1ets_MID_H_1_ligand_refined.sdf,1ets_MID_H_1_protein_refined.pdb,1994,-8.221848749616356,ki,1ets
1ett_4QQ_H_301_ligand_refined.sdf,1ett_4QQ_H_301_protein_refined.pdb,1994,-5.886056647693163,ki,1ett
1eve_E20_A_2001_ligand_refined.sdf,1eve_E20_A_2001_protein_refined.pdb,1999,-8.244125144327509,ic50,1eve
1ew8_PAE_A_556_ligand_refined.sdf,1ew8_PAE_A_556_protein_refined.pdb,2002,-2.259637310505756,ki,1ew8
1ew8_PAE_B_556_ligand_refined.sdf,1ew8_PAE_B_556_protein_refined.pdb,2002,-2.259637310505756,ki,1ew8
1ew9_MMQ_B_559_ligand_refined.sdf,1ew9_MMQ_B_559_protein_refined.pdb,2002,-3.221848749616356,ki,1ew9
1ew9_MMQ_A_559_ligand_refined.sdf,1ew9_MMQ_A_559_protein_refined.pdb,2002,-3.221848749616356,ki,1ew9
1ex8_A4P_A_171_ligand_refined.sdf,1ex8_A4P_A_171_protein_refined.pdb,2001,-6.327902142064283,kd,1ex8
1exv_700_A_862_ligand_refined.sdf,1exv_700_A_862_protein_refined.pdb,2000,-7.346787486224656,ic50,1exv
1exv_700_B_1862_ligand_refined.sdf,1exv_700_B_1862_protein_refined.pdb,2000,-7.346787486224656,ic50,1exv
1eyj_AMP_A_341_ligand_refined.sdf,1eyj_AMP_A_341_protein_refined.pdb,2000,-5.886056647693163,ic50,1eyj
1eyj_AMP_B_342_ligand_refined.sdf,1eyj_AMP_B_342_protein_refined.pdb,2000,-5.886056647693163,ic50,1eyj
1eyk_AMP_A_341_ligand_refined.sdf,1eyk_AMP_A_341_protein_refined.pdb,2000,-5.886056647693163,ic50,1eyk
1eyk_AMP_B_342_ligand_refined.sdf,1eyk_AMP_B_342_protein_refined.pdb,2000,-5.886056647693163,ic50,1eyk
1ezq_RPR_A_265_ligand_refined.sdf,1ezq_RPR_A_265_protein_refined.pdb,2000,-9.045757490560677,ki,1ezq
1f06_2NP_B_950_ligand_refined.sdf,1f06_2NP_B_950_protein_refined.pdb,2001,-5.301029995663981,ki,1f06
1f0q_EMO_A_400_ligand_refined.sdf,1f0q_EMO_A_400_protein_refined.pdb,2001,-5.732828271596986,ki,1f0q
1f0r_815_A_401_ligand_refined.sdf,1f0r_815_A_401_protein_refined.pdb,2000,-7.657577319177793,ki,1f0r
1f0s_PR2_A_401_ligand_refined.sdf,1f0s_PR2_A_401_protein_refined.pdb,2000,-7.744727494896693,ki,1f0s
1f0t_PR1_A_304_ligand_refined.sdf,1f0t_PR1_A_304_protein_refined.pdb,2000,-6.0,ki,1f0t
1f0u_RPR_A_501_ligand_refined.sdf,1f0u_RPR_A_501_protein_refined.pdb,2000,-7.161150909262744,ki,1f0u
1f28_F89_A_401_ligand_refined.sdf,1f28_F89_A_401_protein_refined.pdb,2001,-7.795880017344075,ki,1f28
1f28_F89_B_402_ligand_refined.sdf,1f28_F89_B_402_protein_refined.pdb,2001,-7.795880017344075,ki,1f28
1f28_F89_C_403_ligand_refined.sdf,1f28_F89_C_403_protein_refined.pdb,2001,-7.795880017344075,ki,1f28
1f28_F89_D_404_ligand_refined.sdf,1f28_F89_D_404_protein_refined.pdb,2001,-7.795880017344075,ki,1f28
1f2o_LEU_A_903_ligand_refined.sdf,1f2o_LEU_A_903_protein_refined.pdb,2001,-1.9065783148377649,ki,1f2o
1f2p_PHE_A_903_ligand_refined.sdf,1f2p_PHE_A_903_protein_refined.pdb,2001,-1.8961962790440432,ki,1f2p
1f3e_DPZ_A_400_ligand_refined.sdf,1f3e_DPZ_A_400_protein_refined.pdb,2000,-6.698970004336019,ki,1f3e
1f3f_D4T_A_160_ligand_refined.sdf,1f3f_D4T_A_160_protein_refined.pdb,2000,-4.671620396561262,kd,1f3f
1f3f_D4T_B_161_ligand_refined.sdf,1f3f_D4T_B_161_protein_refined.pdb,2000,-4.671620396561262,kd,1f3f
1f3f_D4T_C_164_ligand_refined.sdf,1f3f_D4T_C_164_protein_refined.pdb,2000,-4.671620396561262,kd,1f3f
1f40_GPI_A_108_ligand_refined.sdf,1f40_GPI_A_108_protein_refined.pdb,2000,-8.1249387366083,ki,1f40
1f4e_TPR_A_302_ligand_refined.sdf,1f4e_TPR_A_302_protein_refined.pdb,2000,-2.958607314841775,ki,1f4e
1f4e_TPR_A_301_ligand_refined.sdf,1f4e_TPR_A_301_protein_refined.pdb,2000,-2.958607314841775,ki,1f4e
1f4f_TP3_A_701_ligand_refined.sdf,1f4f_TP3_A_701_protein_refined.pdb,2000,-4.619788758288394,ki,1f4f
1f4f_TP3_B_702_ligand_refined.sdf,1f4f_TP3_B_702_protein_refined.pdb,2000,-4.619788758288394,ki,1f4f
1f4g_TP4_A_601_ligand_refined.sdf,1f4g_TP4_A_601_protein_refined.pdb,2000,-6.481486060122112,ki,1f4g
1f4g_TP4_B_602_ligand_refined.sdf,1f4g_TP4_B_602_protein_refined.pdb,2000,-6.481486060122112,ki,1f4g
1f4x_MGS_H_301_ligand_refined.sdf,1f4x_MGS_H_301_protein_refined.pdb,2000,-5.585026652029182,kd,1f4x
1f57_DCY_A_308_ligand_refined.sdf,1f57_DCY_A_308_protein_refined.pdb,2000,-5.638272163982407,ki,1f57
1f5f_DHT_A_253_ligand_refined.sdf,1f5f_DHT_A_253_protein_refined.pdb,2000,-9.739928612014925,kd,1f5f
1f5l_AMR_A_301_ligand_refined.sdf,1f5l_AMR_A_301_protein_refined.pdb,2001,-5.275724130399211,ki,1f5l
1f73_HMN_A_700_ligand_refined.sdf,1f73_HMN_A_700_protein_refined.pdb,2000,-2.3872161432802645,ki,1f73
1f73_HMN_B_701_ligand_refined.sdf,1f73_HMN_B_701_protein_refined.pdb,2000,-2.3872161432802645,ki,1f73
1f73_HMN_C_702_ligand_refined.sdf,1f73_HMN_C_702_protein_refined.pdb,2000,-2.3872161432802645,ki,1f73
1f73_HMN_D_703_ligand_refined.sdf,1f73_HMN_D_703_protein_refined.pdb,2000,-2.3872161432802645,ki,1f73
1f74_NAY_A_950_ligand_refined.sdf,1f74_NAY_A_950_protein_refined.pdb,2000,-3.0457574905606752,ki,1f74
1f74_NAY_C_951_ligand_refined.sdf,1f74_NAY_C_951_protein_refined.pdb,2000,-3.0457574905606752,ki,1f74
1f7k_UMP_A_704_ligand_refined.sdf,1f7k_UMP_A_704_protein_refined.pdb,2000,-4.823908740944319,ki,1f7k
1f7k_UMP_B_703_ligand_refined.sdf,1f7k_UMP_B_703_protein_refined.pdb,2000,-4.823908740944319,ki,1f7k
1f8a_TYR-SER_C_170-176_ligand_refined.sdf,1f8a_TYR-SER_C_170-176_protein_refined.pdb,2000,-5.0,kd,1f8a
1f8b_DAN_A_0_ligand_refined.sdf,1f8b_DAN_A_0_protein_refined.pdb,2001,-5.3979400086720375,ki,1f8b
1f8c_4AM_A_4_ligand_refined.sdf,1f8c_4AM_A_4_protein_refined.pdb,2001,-7.397940008672037,ki,1f8c
1f8d_9AM_A_0_ligand_refined.sdf,1f8d_9AM_A_0_protein_refined.pdb,2001,-3.397940008672037,ki,1f8d
1f8e_49A_A_0_ligand_refined.sdf,1f8e_49A_A_0_protein_refined.pdb,2001,-4.823908740944319,ki,1f8e
1f92_UKP_A_300_ligand_refined.sdf,1f92_UKP_A_300_protein_refined.pdb,2001,-6.1938200260161125,ki,1f92
1f9g_ASC_A_950_ligand_refined.sdf,1f9g_ASC_A_950_protein_refined.pdb,2001,-1.2757241303992108,ki,1f9g
1fao_4IP_A_274_ligand_refined.sdf,1fao_4IP_A_274_protein_refined.pdb,2000,-7.366531544420414,kd,1fao
1fap_RAP_A_108_ligand_refined.sdf,1fap_RAP_A_108_protein_refined.pdb,1997,-9.221848749616356,kd,1fap
1fax_DX9_A_265_ligand_refined.sdf,1fax_DX9_A_265_protein_refined.pdb,1997,-7.387216143280264,ki,1fax
1fby_9CR_B_1500_ligand_refined.sdf,1fby_9CR_B_1500_protein_refined.pdb,2000,-8.823908740944319,kd,1fby
1fby_9CR_A_500_ligand_refined.sdf,1fby_9CR_A_500_protein_refined.pdb,2000,-8.823908740944319,kd,1fby
1fch_TYR-LEU_C_1-5_ligand_refined.sdf,1fch_TYR-LEU_C_1-5_protein_refined.pdb,2000,-7.154901959985743,kd,1fch
1fch_TYR-LEU_D_1-5_ligand_refined.sdf,1fch_TYR-LEU_D_1-5_protein_refined.pdb,2000,-7.154901959985743,kd,1fch
1fcx_184_A_450_ligand_refined.sdf,1fcx_184_A_450_protein_refined.pdb,2000,-7.1938200260161125,kd,1fcx
1fcy_564_A_450_ligand_refined.sdf,1fcy_564_A_450_protein_refined.pdb,2000,-8.522878745280337,kd,1fcy
1fcz_156_A_450_ligand_refined.sdf,1fcz_156_A_450_protein_refined.pdb,2000,-9.221848749616356,kd,1fcz
